ticker,date,ROE,ROA,Profit Margin,Operating Margin,Gross Margin,Revenue Growth,Earnings Growth,Debt Ratio,Debt to Equity Ratio,Current Ratio,Free Cash Flow,trailingPE,priceToBook,enterpriseToEbitda,marketCap,dividendYield
AAPL,2023-12-31,,,,,,,,0.3054895480260063,1.518618456556935,0.9529796997508053,,35.089394,52.26585,24.582,3436888195072.0,0.45
AAPL,2024-03-31,,,,,,,,,,,26707000000.0,35.089394,52.26585,24.582,3436888195072.0,0.45
AAPL,2024-06-30,0.3215206571925406,0.06467799717742422,0.2500437180129871,0.2955570840668245,0.462571551814589,,,0.3054895480260063,1.518618456556935,0.9529796997508053,26707000000.0,35.089394,52.26585,24.582,3436888195072.0,0.45
AAPL,2024-09-30,0.2587532923617208,0.04037481505835936,0.1552301695986516,0.311713894448541,0.4622247972190035,0.106706926099071,-0.3129429317418874,0.2921502548084827,1.872326602282704,0.8673125765340832,23903000000.0,35.089394,52.26585,24.582,3436888195072.0,0.45
AAPL,2024-12-31,0.5442044399173133,0.1055843759536161,0.2922767497988737,0.3445856798069187,0.4688254223652454,0.3093858632676709,1.465390879478827,0.2813229289274453,1.449998502052189,0.9229383853427077,26995000000.0,35.089394,52.26585,24.582,3436888195072.0,0.45
AAPL,2025-03-31,0.3709802982214504,0.07481138654663032,0.2598601075934102,0.3102905861009448,0.4705061923887625,-0.2328318584070797,-0.3179190751445087,0.2964257788324231,1.46993831965986,0.8208700223419635,20881000000.0,35.089394,52.26585,24.582,3436888195072.0,0.45
AAPL,2025-06-30,0.355977517849005,0.07069186563899908,0.2492024331107235,0.2999064188183249,0.4649070568718363,-0.01387388710032611,-0.05431799838579499,0.3067859243729166,1.544857967492025,0.8679917800453515,24405000000.0,35.089394,52.26585,24.582,3436888195072.0,0.45
ALLY,2023-12-31,0.01899887221306498,0.001137479159200337,0.1011547344110855,,,,,0.09175145820673035,1.275359179842611,,,37.35577,0.97826904,,11958340608.0,3.09
ALLY,2024-03-31,0.01899887221306498,0.001137479159200337,0.1011547344110855,,,0.0,0.0,0.09175145820673035,1.275359179842611,,554000000.0,37.35577,0.97826904,,11958340608.0,3.09
ALLY,2024-06-30,0.01899887221306498,0.001137479159200337,0.1011547344110855,,,0.0,0.0,0.09175145820673035,1.275359179842611,,554000000.0,37.35577,0.97826904,,11958340608.0,3.09
ALLY,2024-09-30,0.0287880009676639,0.001849923049419373,0.1556233653007847,,,0.05958429561200917,0.6301369863013699,0.09489017053492313,1.243599320882852,,254000000.0,37.35577,0.97826904,,11958340608.0,3.09
ALLY,2024-12-31,-0.01209085413248122,-0.0007297900289830897,-0.0625,,,-0.02353966870095903,-1.392156862745098,0.10024708605267,1.383226641732,,-297000000.0,37.35577,0.97826904,,11958340608.0,3.09
ALLY,2025-03-31,-0.01889486059791737,-0.001163807149396631,-0.1282051282051282,,,-0.2165178571428571,0.6071428571428572,0.09838567017188138,1.336495222034851,,121000000.0,37.35577,0.97826904,,11958340608.0,3.09
ALLY,2025-06-30,0.02879816738934795,0.001857784486443979,0.1541830924222514,,,0.3008547008547009,-2.564444444444445,0.0997450824127976,1.299168213377329,,-134000000.0,37.35577,0.97826904,,11958340608.0,3.09
AMZN,2023-12-31,,,,,,,,0.2396695853414994,0.5623797299183326,1.095686973674228,7661000000.0,35.217987,7.3785567,18.907,2463911641088.0,
AMZN,2024-03-31,,,,,,,,0.2396695853414994,0.5623797299183326,1.095686973674228,7661000000.0,35.217987,7.3785567,18.907,2463911641088.0,
AMZN,2024-06-30,0.05703180839680774,0.02430526767336316,0.0911290268082202,0.09915054366556965,0.501375213715645,,,0.2396695853414994,0.5623797299183326,1.095686973674228,7661000000.0,35.217987,7.3785567,18.907,2463911641088.0,
AMZN,2024-09-30,0.05914698380480878,0.0262184712961791,0.09647714898946984,0.1095879202150091,0.4903164082906903,0.07366009582570254,0.1366703744901743,0.2303900271284548,0.5197433156731018,1.088650396031633,3351000000.0,35.217987,7.3785567,18.907,2463911641088.0,
AMZN,2024-12-31,0.06995139350281498,0.03201182920623338,0.1065221095680327,0.1129068330919315,0.4733907727698731,0.1819961353751645,0.3050626304801669,0.2094755270493876,0.4577403224114417,1.063734806137178,17802000000.0,35.217987,7.3785567,18.907,2463911641088.0,
AMZN,2025-03-31,0.05599492589916533,0.02662548036862462,0.1100233190078822,0.1182331515350074,0.5055085535148747,-0.1710669251086309,-0.1438212357528494,0.2071414802193839,0.435630519147211,1.048100992785419,-8004000000.0,35.217987,7.3785567,18.907,2463911641088.0,
AMZN,2025-06-30,0.05441989364092577,0.02662679390767697,0.1083111710057125,0.1143158698166987,0.5181393185531479,0.07731246828165239,0.06054767326443633,0.1963425539088497,0.4012852969814995,1.024068991713077,332000000.0,35.217987,7.3785567,18.907,2463911641088.0,
AON,2023-12-31,0.089419795221843,0.01018405146444328,0.1393617021276596,0.2066489361702128,0.4335106382978723,,,0.3599207043321089,3.160238907849829,1.087028683292195,460000000.0,30.971308,10.093507,18.135,79137267712.0,0.81
AON,2024-03-31,,,,,,,,0.3599207043321089,3.160238907849829,1.087028683292195,,30.971308,10.093507,18.135,79137267712.0,0.81
AON,2024-06-30,0.089419795221843,0.01018405146444328,0.1393617021276596,0.2066489361702128,0.4335106382978723,0.0,0.0,0.3599207043321089,3.160238907849829,1.087028683292195,460000000.0,30.971308,10.093507,18.135,79137267712.0,0.81
AON,2024-09-30,0.05493273542600897,0.006875814373058033,0.09217952163396936,0.1822090835796829,0.4221983337812416,-0.01037234042553192,-0.3454198473282443,0.3608499548962614,2.882927610506086,1.070368359127523,951000000.0,30.971308,10.093507,18.135,79137267712.0,0.81
AON,2024-12-31,0.1169743505963078,0.0146226896762994,0.1726549312756209,0.2765854834820352,0.4887870749939716,0.1144853533996237,1.087463556851312,0.3654038598999285,2.923051788923379,1.019004131332898,1145000000.0,30.971308,10.093507,18.135,79137267712.0,0.81
AON,2025-03-31,0.1377784123358081,0.01918336513994911,0.2040600549799112,0.3273419327553394,0.5244237682385282,0.1403424162044851,0.3477653631284916,0.367962786259542,2.642775556824672,1.046329233274761,84000000.0,30.971308,10.093507,18.135,79137267712.0,0.81
AON,2025-06-30,0.07382379191635853,0.01072023699314942,0.1393501805054152,0.2243080625752106,0.4320096269554753,-0.1213787270035949,-0.4,0.3365673023514164,2.317735560372307,1.027626962142198,732000000.0,30.971308,10.093507,18.135,79137267712.0,0.81
AXP,2023-12-31,0.1020649966147597,0.01107564130350931,0.1845956039919182,,,,,0.1952839441772984,1.799593771157752,,3967000000.0,21.466621,6.580002,,212571078656.0,1.07
AXP,2024-03-31,,,,,,,,0.1952839441772984,1.799593771157752,,3967000000.0,21.466621,6.580002,,212571078656.0,1.07
AXP,2024-06-30,0.1020649966147597,0.01107564130350931,0.1845956039919182,,,0.0,0.0,0.1952839441772984,1.799593771157752,,3967000000.0,21.466621,6.580002,,212571078656.0,1.07
AXP,2024-09-30,0.08439088430336285,0.009251639425933374,0.1506972830007213,,,0.01855139900814295,-0.1684908789386401,0.2029788286177158,1.851516477597873,,-2267000000.0,21.466621,6.580002,,212571078656.0,1.07
AXP,2024-12-31,0.07170235263018768,0.007993781795543374,0.1263170149601257,,,0.03264005770617939,-0.1344236138811328,0.1882001466140624,1.688111287338091,,5283000000.0,21.466621,6.580002,,212571078656.0,1.07
AXP,2025-03-31,0.0828152041535799,0.009155199047632545,0.1522956326987682,,,-0.01234064846615057,0.1907834101382488,0.1870544635138391,1.692038971860778,,4334000000.0,21.466621,6.580002,,212571078656.0,1.07
AXP,2025-06-30,0.08928847760824488,0.009761263516896967,0.1615703405017921,,,0.05239582719396485,0.116486068111455,0.2019752601875787,1.847513230788276,,3745000000.0,21.466621,6.580002,,212571078656.0,1.07
BAC,2023-12-31,,,,,,,,0.1015664230404212,1.125934016577518,,18096000000.0,13.765395,1.264309,,347682209792.0,2.39
BAC,2024-03-31,0.02579822251481238,0.002116945508834265,0.2717815344603381,,,,,0.1015664230404212,1.125934016577518,,,13.765395,1.264309,,347682209792.0,2.39
BAC,2024-06-30,0.02579822251481238,0.002116945508834265,0.2717815344603381,,,0.0,0.0,0.1015664230404212,1.125934016577518,,18096000000.0,13.765395,1.264309,,347682209792.0,2.39
BAC,2024-09-30,0.02535685657344149,0.002074426050892626,0.2720852239100414,,,-0.00126098435591282,-0.0001449905756125691,0.1008837067009436,1.131040227714224,,-37276000000.0,13.765395,1.264309,,347682209792.0,2.39
BAC,2024-12-31,0.02446769456681351,0.002043526344626537,0.2629502505227443,,,7.89110278160976e-05,-0.03349767981438512,0.1001588523629634,1.105261555222477,,25914000000.0,13.765395,1.264309,,347682209792.0,2.39
BAC,2025-03-31,0.02688652838062832,0.002208140862428883,0.2702623693634437,,,0.07965439697005561,0.1096774193548387,0.1031866971753949,1.169276780307259,,-2184000000.0,13.765395,1.264309,,347682209792.0,2.39
BAC,2025-06-30,0.02577289716918263,0.002067918150427968,0.2689037524090239,,,-0.03299714974786228,-0.03785830178474847,0.1049968295408908,1.205975320344861,,-9132000000.0,13.765395,1.264309,,347682209792.0,2.39
BATRK,2023-12-31,0.05677888244553546,0.01849579716066099,0.1029037458108853,0.08815169897764391,0.2665337462350995,,,0.4463581216875914,1.370241850068172,0.6396578818558879,-64102000.0,,5.273076,73.542,2795924992.0,
BATRK,2024-03-31,,,,,,,,0.4463581216875914,1.370241850068172,0.6396578818558879,,,5.273076,73.542,2795924992.0,
BATRK,2024-06-30,0.05677888244553546,0.01849579716066099,0.1029037458108853,0.08815169897764391,0.2665337462350995,0.0,0.0,0.4463581216875914,1.370241850068172,0.6396578818558879,-64102000.0,,5.273076,73.542,2795924992.0,
BATRK,2024-09-30,0.01889061916737993,0.00643443204578336,0.03447160736770403,0.02202467368942527,0.2139923075335255,0.02756684907874818,-0.6557765639492941,0.4775215492468439,1.401938456549691,0.6968208469865509,-85514000.0,,5.273076,73.542,2795924992.0,
BATRK,2024-12-31,-0.03648562800112175,-0.0125504808228653,-0.3669557542499712,-0.3578034460263249,0.4148662650140067,-0.8206994777654693,-2.908682634730539,0.4731219558931808,1.375417557742679,0.6249424405218726,16812000.0,,5.273076,73.542,2795924992.0,
BATRK,2025-03-31,-0.0851454678979102,-0.02461641486845494,-0.8767236449132617,-0.9415602296075067,-0.08387875706932707,-0.0941517326067769,1.164235294117647,0.4777735023393653,1.652565924944613,0.7764899182100443,76254000.0,,5.273076,73.542,2795924992.0,
BATRK,2025-06-30,0.05641243391708171,0.01751569755460813,0.09439892459352196,0.1337440788631417,0.3136538215337345,5.617949206752663,-1.712570365538402,0.4774384584000698,1.537675870458354,0.6372769841740265,-25014000.0,,5.273076,73.542,2795924992.0,
C,2023-12-31,,,,,,,,0.1326087444496081,1.531443521674428,,-18604000000.0,13.838996,0.8760742,,172473925632.0,2.56
C,2024-03-31,0.01691288575784659,0.001337248502090464,0.1605529769925638,,,,,0.1326087444496081,1.531443521674428,,-18604000000.0,13.838996,0.8760742,,172473925632.0,2.56
C,2024-06-30,0.01691288575784659,0.001337248502090464,0.1605529769925638,,,0.0,0.0,0.1326087444496081,1.531443521674428,,-18604000000.0,13.838996,0.8760742,,172473925632.0,2.56
C,2024-09-30,0.01680044413774496,0.001332146825783747,0.1597828768813225,,,0.01137894894445268,0.00652782095119675,0.1400527345831158,1.628162021780824,,-18235000000.0,13.838996,0.8760742,,172473925632.0,2.56
C,2024-12-31,0.01497263405120892,0.001213798027578205,0.1458184417441029,,,-0.03350604490500864,-0.1179740580605312,0.1427168930850487,1.609818886087115,,23108000000.0,13.838996,0.8760742,,172473925632.0,2.56
C,2025-03-31,0.02094219254037453,0.001580391940312205,0.188139437988982,,,0.102879607883182,0.4229691876750701,0.1340933784533158,1.623399306994087,,-60225000000.0,13.838996,0.8760742,,172473925632.0,2.56
C,2025-06-30,0.02041427932870088,0.001532348217839751,0.1855408337565209,,,0.002777649182908126,-0.01107283464566933,0.1423383351659999,1.750855915430865,,-38334000000.0,13.838996,0.8760742,,172473925632.0,2.56
CB,2023-12-31,0.03653461777908844,0.009348105855770884,0.1600631639391329,,,,,0.06175199433244883,0.2413414594187228,,,12.106401,1.5752857,11.318,109324779520.0,1.41
CB,2024-03-31,0.03653461777908844,0.009348105855770884,0.1600631639391329,,,0.0,0.0,0.06175199433244883,0.2413414594187228,,4079000000.0,12.106401,1.5752857,11.318,109324779520.0,1.41
CB,2024-06-30,0.03653461777908844,0.009348105855770884,0.1600631639391329,,,0.0,0.0,0.06175199433244883,0.2413414594187228,,4079000000.0,12.106401,1.5752857,11.318,109324779520.0,1.41
CB,2024-09-30,0.03534224493209848,0.009275334554612324,0.1538869023970335,,,0.08397932816537468,0.04215246636771308,0.0643805601120703,0.2453122861444409,,4318000000.0,12.106401,1.5752857,11.318,109324779520.0,1.41
CB,2024-12-31,0.04022117742615704,0.01044421370280838,0.1815937940761636,,,-0.06105151635544959,0.1080034423407918,0.06156610477472946,0.2370940785054904,,4565000000.0,12.106401,1.5752857,11.318,109324779520.0,1.41
CB,2025-03-31,0.02025073791193744,0.005286949060980648,0.09873887240356083,,,-0.04936530324400568,-0.4831067961165049,0.05762814198099717,0.2207345647080303,,1566000000.0,12.106401,1.5752857,11.318,109324779520.0,1.41
CB,2025-06-30,0.04276965199221846,0.01134717066251725,0.1992213719962411,,,0.105192878338279,1.229902329075883,0.05725580452892802,0.2158080553353988,,3551000000.0,12.106401,1.5752857,11.318,109324779520.0,1.41
CHTR,2023-12-31,0.09558195512073919,0.008283370679155648,0.08995250274022652,0.2442089879430033,0.4957983193277311,,,0.6565126403832825,7.575510521003183,0.3853253775871713,1063000000.0,7.3309608,2.256716,6.152,36579069952.0,
CHTR,2024-03-31,0.09558195512073919,0.008283370679155648,0.08995250274022652,0.2442089879430033,0.4957983193277311,0.0,0.0,0.6565126403832825,7.575510521003183,0.3853253775871713,1063000000.0,7.3309608,2.256716,6.152,36579069952.0,
CHTR,2024-06-30,0.09558195512073919,0.008283370679155648,0.08995250274022652,0.2442089879430033,0.4957983193277311,0.0,0.0,0.6565126403832825,7.575510521003183,0.3853253775871713,1063000000.0,7.3309608,2.256716,6.152,36579069952.0,
CHTR,2024-09-30,0.0907865806085538,0.008569267126818459,0.09278724175425879,0.2432765494744473,0.3987676694454512,0.008037997807818886,0.03980503655564571,0.6447904881134893,6.83119370168097,0.3413373860182371,1342000000.0,7.3309608,2.256716,6.152,36579069952.0,
CHTR,2024-12-31,0.09405273625457111,0.009772030395947207,0.1052707166451242,0.2480252764612954,1.039853511417492,0.009496194273287406,0.1453125,0.6383348886815091,6.143773657535125,0.3138810618419101,398000000.0,7.3309608,2.256716,6.152,36579069952.0,
CHTR,2025-03-31,0.07490613651751092,0.008062058640380513,0.08860575172915908,0.2446305060065526,0.4886785584273753,-0.01371535257791179,-0.169849931787176,0.6330206552989652,5.881516587677726,0.3633703920421299,1564000000.0,7.3309608,2.256716,6.152,36579069952.0,
CHTR,2025-06-30,0.08026405083595534,0.008582416929988323,0.09450820862995787,0.244079616446317,0.4953508644486416,0.002257007644703268,0.06902218570254726,0.6351582238816801,5.940095008945647,0.3305853256389118,999000000.0,7.3309608,2.256716,6.152,36579069952.0,
COF,2023-12-31,,,,,,,,0.09841505943527118,0.8147669064003725,,5954000000.0,582.2432,1.3052803,,137771139072.0,1.11
COF,2024-03-31,,,0.06280244056385441,,,,,,,,5954000000.0,582.2432,1.3052803,,137771139072.0,1.11
COF,2024-06-30,0.0102964764319346,0.001243703361123958,0.06280244056385441,,,0.0,0.0,0.09841505943527118,0.8147669064003725,,5954000000.0,582.2432,1.3052803,,137771139072.0,1.11
COF,2024-09-30,0.02823996821613031,0.003653123862895815,0.1774515678050729,,,0.05343993267410063,1.976549413735343,0.100355033478403,0.7757806912991657,,6146000000.0,582.2432,1.3052803,,137771139072.0,1.11
COF,2024-12-31,0.01803106080547513,0.002236077560880068,0.1075564278704612,,,0.01757539444777301,-0.3832301631963985,0.09178731148397205,0.7401454330086865,,2092000000.0,582.2432,1.3052803,,137771139072.0,1.11
COF,2025-03-31,0.02209562179345944,0.002844385377752206,0.1404,,,-0.01864573110893031,0.281021897810219,0.08346771906224423,0.6483900412325706,,4319000000.0,582.2432,1.3052803,,137771139072.0,1.11
COF,2025-06-30,-0.03854681134864271,-0.00649045173665489,-0.3400651983779916,,,0.2577,-4.046296296296296,0.07879593546272354,0.4679692851220303,,5667000000.0,582.2432,1.3052803,,137771139072.0,1.11
CVX,2023-12-31,,,,,,,,0.08894891115851507,0.1455979602218133,1.156992976165986,,20.17397,1.8475683,8.105,315420082176.0,4.37
CVX,2024-03-31,,,,,,,,0.08894891115851507,0.1455979602218133,1.156992976165986,2329000000.0,20.17397,1.8475683,8.105,315420082176.0,4.37
CVX,2024-06-30,0.02784598669873707,0.01701170945811145,0.08944204623391294,0.1127607213458668,0.2965869205631985,,,0.08894891115851507,0.1455979602218133,1.156992976165986,2329000000.0,20.17397,1.8475683,8.105,315420082176.0,4.37
CVX,2024-09-30,0.02872562451185004,0.01730881989877793,0.09170992928095491,0.1013571516167273,0.2915014511711564,-0.01307136805583575,0.01195308976093812,0.09968290951734354,0.1654332210855175,1.069124811019654,5619000000.0,20.17397,1.8475683,8.105,315420082176.0,4.37
CVX,2024-12-31,0.02126472248847805,0.01260615401380878,0.06701286878801671,0.04998551744113874,0.2733686431911284,-0.01209990598046029,-0.2781368397593047,0.09551331449610412,0.1611168739085335,1.061024949426838,4357000000.0,20.17397,1.8475683,8.105,315420082176.0,4.37
CVX,2025-03-31,0.02345152903969339,0.01365070574148683,0.07592026203336154,0.09320839027352985,0.2899720179605648,-0.0461993627674101,0.08058042605742521,0.1157618848894488,0.1988756666934684,1.080443672623382,1262000000.0,20.17397,1.8475683,8.105,315420082176.0,4.37
CVX,2025-06-30,0.01700622195510084,0.009927438003349016,0.05611267605633802,0.09142535211267605,0.296856338028169,-0.0374395349341663,-0.2885714285714286,0.1174826568854158,0.2012539527513882,0.9960949837769547,4864000000.0,20.17397,1.8475683,8.105,315420082176.0,4.37
DEO,2023-12-31,,,,,,,,0.4593178659253715,2.193851496272087,1.579209783631232,,26.229313,22.230013,43.128,61642043392.0,3.73
DEO,2024-06-30,,,,,,,,0.4861019483660993,2.203448963317384,1.532833400891771,,26.229313,22.230013,43.128,61642043392.0,3.73
DEO,2024-12-31,,,,,,,,0.4626592254931198,2.112018669778296,1.600993219367778,,26.229313,22.230013,43.128,61642043392.0,3.73
DEO,2025-06-30,,,,,,,,0.4947285187137586,2.200270513976555,1.633401792382375,,26.229313,22.230013,43.128,61642043392.0,3.73
DPZ,2023-12-31,,,,,,,,2.802791585803063,-1.336887918018568,1.941795253511031,127184000.0,26.175175,-3.9976969,22.2,15319781376.0,1.54
DPZ,2024-03-31,,,,,,,,2.802791585803063,-1.336887918018568,1.941795253511031,,26.175175,-3.9976969,22.2,15319781376.0,1.54
DPZ,2024-06-30,-0.03648764817372867,0.076496519946595,0.1293371083757844,0.1786659087430858,0.3981203130807408,,,2.802791585803063,-1.336887918018568,1.941795253511031,127184000.0,26.175175,-3.9976969,22.2,15319781376.0,1.54
DPZ,2024-09-30,-0.03694678771364152,0.08277100682453498,0.1360257527179876,0.1840824946140194,0.3923151060207255,-0.01604848524599722,0.03483638310160719,2.931395226994376,-1.308497278354228,1.708605937615082,145611000.0,26.175175,-3.9976969,22.2,15319781376.0,1.54
DPZ,2024-12-31,-0.04276414831722355,0.09754906842953967,0.1173504793221757,0.1895209825515924,0.3918889906185549,0.3368101107377983,0.1532765239171272,2.992056478564064,-1.311675745168641,0.5614259436811534,135934000.0,26.175175,-3.9976969,22.2,15319781376.0,1.54
DPZ,2025-03-31,-0.03824761902814638,0.07970253816136287,0.1345714604300503,0.1889248383174948,0.3984934211946161,-0.2298322476269362,-0.1168114539316825,2.772926775879452,-1.330670884057201,0.5987493811735307,164331000.0,26.175175,-3.9976969,22.2,15319781376.0,1.54
DPZ,2025-06-30,-0.03298196283575792,0.072374265234835,0.1144755594056293,0.1931294230245279,0.4025432609348693,0.02975389728574829,-0.1240218909329039,2.877269442326559,-1.311211844532833,0.5968305531219698,167298000.0,26.175175,-3.9976969,22.2,15319781376.0,1.54
DVA,2023-12-31,0.3518344130194344,0.01307891447053879,0.06987619252636408,0.1571887977677375,0.3277421124277549,,,0.685776959505384,18.44800916416495,1.157652122519442,674121000.0,13.337932,-27.18474,8.809,9679670272.0,
DVA,2024-03-31,0.3518344130194344,0.01307891447053879,0.06987619252636408,0.1571887977677375,0.3277421124277549,0.0,0.0,0.685776959505384,18.44800916416495,1.157652122519442,674121000.0,13.337932,-27.18474,8.809,9679670272.0,
DVA,2024-06-30,0.3518344130194344,0.01307891447053879,0.06987619252636408,0.1571887977677375,0.3277421124277549,0.0,0.0,0.685776959505384,18.44800916416495,1.157652122519442,674121000.0,13.337932,-27.18474,8.809,9679670272.0,
DVA,2024-09-30,0.5551581914329674,0.01226526655422211,0.06578277295861307,0.1627554319016788,0.3406417472783039,0.02412133847885078,-0.03587274784889261,0.6968946688355749,31.54328381366122,1.371270107942089,671355000.0,13.337932,-27.18474,8.809,9679670272.0,
DVA,2024-12-31,2.141056125229108,0.01500289147961142,0.07871136616178248,0.1459102438686818,0.3245568693558682,0.009527238409236416,0.2079343046653748,0.6980994451460053,99.62546853585641,1.259857200991454,376970000.0,13.337932,-27.18474,8.809,9679670272.0,
DVA,2025-03-31,-0.6099453015900352,0.009516719113174053,0.0505399517113077,0.134426586514345,0.3052148747537249,-0.02159661490953757,-0.3717748497082856,0.7196866878555619,-46.1261395502076,1.25093247446833,36751000.0,13.337932,-27.18474,8.809,9679670272.0,
DVA,2025-06-30,-0.5392835596388851,0.01139527117140509,0.05898371546779045,0.1569678706422143,0.3308114806632646,0.048393236108625,0.2235494147326553,0.732601884712694,-34.67053536886588,1.39347955030441,203145000.0,13.337932,-27.18474,8.809,9679670272.0,
FND,2023-12-31,0.02768795374168008,0.0117611604001775,0.05000798666359555,0.07232563701364086,0.4333395991136127,,,0.3511258261101663,0.8266153423688333,1.167961496224284,80044000.0,43.005154,3.914145,21.466,8984659968.0,
FND,2024-03-31,0.02768795374168008,0.0117611604001775,0.05000798666359555,0.07232563701364086,0.4333395991136127,0.0,0.0,0.3511258261101663,0.8266153423688333,1.167961496224284,80044000.0,43.005154,3.914145,21.466,8984659968.0,
FND,2024-06-30,0.02768795374168008,0.0117611604001775,0.05000798666359555,0.07232563701364086,0.4333395991136127,0.0,0.0,0.3511258261101663,0.8266153423688333,1.167961496224284,80044000.0,43.005154,3.914145,21.466,8984659968.0,
FND,2024-09-30,0.02448538763793459,0.010480048675761,0.04623740748493192,0.07070951028958983,0.4346173181409145,-0.01342553737890939,-0.08781279779762119,0.3446466090686381,0.8052258231074036,1.16415902499539,36542000.0,43.005154,3.914145,21.466,8984659968.0,
FND,2024-12-31,0.02188043451214151,0.009401882356481902,0.04287819572771208,0.06307837343870777,0.4346343198942403,-0.00940133783452568,-0.08136970400464305,0.3339402725841,0.7771590824262565,1.199481269771868,3921000.0,43.005154,3.914145,21.466,8984659968.0,
FND,2025-03-31,0.02199964622689279,0.009104991855840175,0.04210934403914744,0.06049761359132967,0.4377965780450402,0.04815173340461043,0.02935725718136628,0.3638915671807497,0.8792413952343252,1.221773524456244,4436000.0,43.005154,3.914145,21.466,8984659968.0,
FND,2025-06-30,0.02753643528297002,0.01167531254810582,0.05203475682576288,0.071669892517399,0.4387332701890211,0.04601374984923412,0.2925651622406809,0.3607005926730013,0.8507188553406597,1.254797092538987,-9987000.0,43.005154,3.914145,21.466,8984659968.0,
FWONK,2023-12-31,0.003665241295051924,0.002220166512488437,0.0242914979757085,0.0708502024291498,0.2580971659919029,,,0.2693802035152636,0.4447159437996335,1.677100494233937,248000000.0,99.43,3.1574101,31.902,24577902592.0,
FWONK,2024-03-31,0.003665241295051924,0.002220166512488437,0.0242914979757085,0.0708502024291498,0.2580971659919029,0.0,0.0,0.2693802035152636,0.4447159437996335,1.677100494233937,248000000.0,99.43,3.1574101,31.902,24577902592.0,
FWONK,2024-06-30,0.003665241295051924,0.002220166512488437,0.0242914979757085,0.0708502024291498,0.2580971659919029,0.0,0.0,0.2693802035152636,0.4447159437996335,1.677100494233937,248000000.0,99.43,3.1574101,31.902,24577902592.0,
FWONK,2024-09-30,0.01531012823868097,0.009766277128547579,0.128430296377607,0.12403951701427,0.3468715697036224,-0.07793522267206476,3.875,0.2444073455759599,0.3831457733577597,2.701970443349754,174000000.0,99.43,3.1574101,31.902,24577902592.0,
FWONK,2024-12-31,-0.03356794802382242,-0.02109022876094906,-0.2125107112253642,0.08997429305912596,0.2673521850899743,0.2810098792535676,-3.11965811965812,0.25444340505145,0.4049810503519221,2.674336283185841,-43000000.0,99.43,3.1574101,31.902,24577902592.0,
FWONK,2025-03-31,0.0006746727836999055,0.0004137018037398643,0.01118568232662192,-0.1342281879194631,0.272930648769575,-0.6169665809768637,-1.020161290322581,0.2467317557504551,0.4023748481986237,2.318118948824343,358000000.0,99.43,3.1574101,31.902,24577902592.0,
FWONK,2025-06-30,0.04865002547121752,0.03059671605927113,0.284862043251305,0.2110365398956003,0.3534675615212528,2.0,75.4,0.2426912294753704,0.3858889454915945,2.845461365341335,215000000.0,99.43,3.1574101,31.902,24577902592.0,
JEF,2023-11-30,0.01614954672469325,0.002531359656815585,0.06337767893761306,0.4487226463023428,0.5986199556808897,,,0.3204266059349025,2.044246230097328,3.066025798063923,-15934000.0,23.258688,1.2058129,,12426307584.0,2.66
JEF,2024-02-29,0.01614954672469325,0.002531359656815585,0.06337767893761306,0.4487226463023428,0.5986199556808897,0.0,0.0,0.3204266059349025,2.044246230097328,3.066025798063923,-15934000.0,23.258688,1.2058129,,12426307584.0,2.66
JEF,2024-05-31,0.01614954672469325,0.002531359656815585,0.06337767893761306,0.4487226463023428,0.5986199556808897,0.0,0.0,0.3204266059349025,2.044246230097328,3.066025798063923,-15934000.0,23.258688,1.2058129,,12426307584.0,2.66
JEF,2024-08-31,0.01870545877911675,0.002969778095009825,0.07239705515780812,0.4654685314200361,0.6040910174915982,0.03151179352508615,0.1783078437643046,0.3391741408286716,2.136312199966036,2.815022993483013,-684457000.0,23.258688,1.2058129,,12426307584.0,2.66
JEF,2024-11-30,0.02285807510438658,0.003607238740882987,0.08142521750170627,0.441057616294934,0.5827179874595001,0.09849517778045747,0.2354813131608777,0.3164101030030791,2.004992531091571,3.380909438036293,1639696000.0,23.258688,1.2058129,,12426307584.0,2.66
JEF,2025-02-28,0.01409540978970074,0.002048337675968138,0.05816413680655305,0.4518922189008373,0.5987927358722518,-0.132706378483482,-0.3804697561626961,0.3358914483568247,2.311387495457765,3.629580458852479,-2714743000.0,23.258688,1.2058129,,12426307584.0,2.66
JEF,2025-05-31,0.009613128422499046,0.001472281987590046,0.0397155130767365,0.4270691552590591,0.5880452148184973,0.008674557112724246,-0.3112589687969297,0.3410579575843441,2.226894354938489,3.208458149533534,-1022001000.0,23.258688,1.2058129,,12426307584.0,2.66
KHC,2023-12-31,0.002086102873504448,0.001148687455657286,0.01575046324891909,0.2124768375540457,0.3542310067943175,,,0.2244895660889444,0.4076899478474282,1.005877638258082,553000000.0,,0.7921331,8.215,32750211072.0,5.78
KHC,2024-03-31,0.002086102873504448,0.001148687455657286,0.01575046324891909,0.2124768375540457,0.3542310067943175,0.0,0.0,0.2244895660889444,0.4076899478474282,1.005877638258082,553000000.0,,0.7921331,8.215,32750211072.0,5.78
KHC,2024-06-30,0.002086102873504448,0.001148687455657286,0.01575046324891909,0.2124768375540457,0.3542310067943175,0.0,0.0,0.2244895660889444,0.4076899478474282,1.005877638258082,553000000.0,,0.7921331,8.215,32750211072.0,5.78
KHC,2024-09-30,-0.006000662142029465,-0.003274394237066143,-0.0454331818893937,0.2078959736800877,0.3424721917593608,-0.01436071649166148,-3.843137254901961,0.2268477745410203,0.4157217348121172,1.061335403726708,849000000.0,,0.7921331,8.215,32750211072.0,5.78
KHC,2024-12-31,0.04332621734268578,0.02413718894061413,0.3240571776155718,0.2048357664233577,0.3413929440389294,0.03023656587811363,-8.348275862068967,0.2250501206293112,0.4039646233607807,1.055425341238108,1141000000.0,,0.7921331,8.215,32750211072.0,5.78
KHC,2025-03-31,0.01439547108774768,0.007887099275538914,0.1186864477412902,0.1993665610935156,0.3440573428904817,-0.0877433090024331,-0.665884561238855,0.2393047832155438,0.4367771936918722,1.307256392536282,482000000.0,,0.7921331,8.215,32750211072.0,5.78
KHC,2025-06-30,-0.1891774263745829,-0.09590468368860397,-1.231738035264484,0.2034005037783375,0.3436712846347607,0.05884314052342066,-11.98876404494382,0.2599992645346343,0.5128632912616664,1.07154452690167,1022000000.0,,0.7921331,8.215,32750211072.0,5.78
KO,2023-12-31,0.09325803581789348,0.02382363984901484,0.1950173906009868,0.3212003559006714,0.6107740839602038,,,0.4329657516649869,1.694851661315901,1.079827768854868,,24.794327,10.528535,21.432,300912574464.0,2.92
KO,2024-03-31,0.09325803581789348,0.02382363984901484,0.1950173906009868,0.3212003559006714,0.6107740839602038,0.0,0.0,0.4329657516649869,1.694851661315901,1.079827768854868,3163000000.0,24.794327,10.528535,21.432,300912574464.0,2.92
KO,2024-06-30,0.09325803581789348,0.02382363984901484,0.1950173906009868,0.3212003559006714,0.6107740839602038,0.0,0.0,0.4329657516649869,1.694851661315901,1.079827768854868,3163000000.0,24.794327,10.528535,21.432,300912574464.0,2.92
KO,2024-09-30,0.1073987480202127,0.02680067001675042,0.2402564535177999,0.2966087396659355,0.6065463134806817,-0.04117123675483292,0.1812525922853587,0.4353603222103025,1.744626291575534,1.060170114459729,-1728000000.0,24.794327,10.528535,21.432,300912574464.0,2.92
KO,2024-12-31,0.08830865786932733,0.02183015246297825,0.1901420651420651,0.2481808731808732,0.6003984753984754,-0.02615151003880545,-0.2292837078651685,0.4427890879073884,1.791197296427422,1.029624935641015,3148000000.0,24.794327,10.528535,21.432,300912574464.0,2.92
KO,2025-03-31,0.1270895351499886,0.03273821227732117,0.2992182586036481,0.3340821277742834,0.6259322490789828,-0.03594941094941095,0.5170842824601367,0.4828247276731291,1.874322570796122,1.099546370967742,-5511000000.0,24.794327,10.528535,21.432,300912574464.0,2.92
KO,2025-06-30,0.1332866888228092,0.03651768855491551,0.3039489429597128,0.3445552453131233,0.623932987634623,0.1263365980770959,0.1441441441441442,0.4739248368205649,1.729788350533497,1.212586584032082,3369000000.0,24.794327,10.528535,21.432,300912574464.0,2.92
KR,2024-01-31,0.07565106247004313,0.01840872421903855,0.02091939296207117,0.02858468267467804,0.2241047957763591,,,0.3767470792916432,1.548250519252277,0.871745598809819,1038000000.0,18.989101,5.648403,9.095,46075961344.0,2.01
KR,2024-04-30,0.07565106247004313,0.01840872421903855,0.02091939296207117,0.02858468267467804,0.2241047957763591,0.0,0.0,0.3767470792916432,1.548250519252277,0.871745598809819,1038000000.0,18.989101,5.648403,9.095,46075961344.0,2.01
KR,2024-05-31,0.07565106247004313,0.01840872421903855,0.02091939296207117,0.02858468267467804,0.2241047957763591,0.0,0.0,0.3767470792916432,1.548250519252277,0.871745598809819,1038000000.0,18.989101,5.648403,9.095,46075961344.0,2.01
KR,2024-07-31,0.03722639399265058,0.009058569679062264,0.01374144845482425,0.02403279075253598,0.2256133522057089,-0.250878084340277,-0.5079197465681098,0.3767470792916432,1.548250519252277,0.871745598809819,247000000.0,18.989101,5.648403,9.095,46075961344.0,2.01
KR,2024-08-31,,,,,,,,0.3767470792916432,1.548250519252277,0.871745598809819,,18.989101,5.648403,9.095,46075961344.0,2.01
KR,2024-10-31,0.04790697674418604,0.009900990099009901,0.01837426413747993,0.02461794612594399,0.2285187607777844,-0.008197688133993908,0.3261802575107295,0.4771059630234868,2.308527131782946,1.537728892712302,-28000000.0,18.989101,5.648403,9.095,46075961344.0,2.01
KR,2025-01-31,0.07652383826191914,0.01204956667173483,0.01847965489098752,0.02658272123119972,0.2308499475341028,0.02003924600107032,0.02588996763754037,0.4766991029344686,3.027398913699457,0.9581555834378921,520000000.0,18.989101,5.648403,9.095,46075961344.0,2.01
KR,2025-04-30,,,0.01919411321423822,0.0293009441907886,0.23420807659914,0.3150868602075318,0.3659305993690851,,,,1105000000.0,18.989101,5.648403,9.095,46075961344.0,2.01
KR,2025-05-31,,,,,,,,0.4734074519230769,2.828228430382587,0.9482706766917294,,18.989101,5.648403,9.095,46075961344.0,2.01
LILA,2023-12-31,-0.02584902233791392,-0.00324702482795331,-0.03819320214669052,0.1151162790697674,0.6655635062611807,,,0.6211398806129045,4.944790846903565,1.086526315789474,16400000.0,,2.5689883,6.593,1572664576.0,
LILA,2024-03-31,,,-0.03819320214669052,0.1151162790697674,0.6655635062611807,0.0,0.0,,,,,,2.5689883,6.593,1572664576.0,
LILA,2024-06-30,-0.02584902233791392,-0.00324702482795331,-0.03819320214669052,0.1151162790697674,0.6655635062611807,0.0,0.0,0.6211398806129045,4.944790846903565,1.086526315789474,16400000.0,,2.5689883,6.593,1572664576.0,
LILA,2024-09-30,-0.3552331268340398,-0.03423866502203751,-0.4001101726037459,0.1322989349981638,0.6746235769372017,-0.0257602862254025,9.206088992974239,0.6476984357691129,6.720003260515162,1.060921781974954,51000000.0,,2.5689883,6.593,1572664576.0,
LILA,2024-12-31,-0.1587867975022302,-0.01390625,-0.1547422411544814,0.1370077371120577,0.6616534817004259,0.05609621740727144,-0.5915557595227168,0.6381015625,7.286083853702052,1.04285923968883,234900000.0,,2.5689883,6.593,1572664576.0,
LILA,2025-03-31,-0.1334899197494617,-0.01082754514784679,-0.1258883248730965,0.1281033687125058,0.6794646977388095,-0.05807180735460316,-0.2337078651685394,0.6559476086525104,8.087003327461343,1.076569278210422,-72100000.0,,2.5689883,6.593,1572664576.0,
LILA,2025-06-30,-0.6957593688362919,-0.03541399994980297,-0.3895279285911475,0.169135916076194,0.6793043158185331,0.002953391785879056,2.103372434017595,0.6903763940131683,13.56344510190664,1.075758375098919,1900000.0,,2.5689883,6.593,1572664576.0,
LILAK,2023-12-31,-0.02584902233791392,-0.00324702482795331,-0.03819320214669052,0.1151162790697674,0.6655635062611807,,,0.6211398806129045,4.944790846903565,1.086526315789474,16400000.0,,2.6248357,6.615,1572663552.0,
LILAK,2024-03-31,,,-0.03819320214669052,0.1151162790697674,0.6655635062611807,0.0,0.0,,,,,,2.6248357,6.615,1572663552.0,
LILAK,2024-06-30,-0.02584902233791392,-0.00324702482795331,-0.03819320214669052,0.1151162790697674,0.6655635062611807,0.0,0.0,0.6211398806129045,4.944790846903565,1.086526315789474,16400000.0,,2.6248357,6.615,1572663552.0,
LILAK,2024-09-30,-0.3552331268340398,-0.03423866502203751,-0.4001101726037459,0.1322989349981638,0.6746235769372017,-0.0257602862254025,9.206088992974239,0.6476984357691129,6.720003260515162,1.060921781974954,51000000.0,,2.6248357,6.615,1572663552.0,
LILAK,2024-12-31,-0.1587867975022302,-0.01390625,-0.1547422411544814,0.1370077371120577,0.6616534817004259,0.05609621740727144,-0.5915557595227168,0.6381015625,7.286083853702052,1.04285923968883,234900000.0,,2.6248357,6.615,1572663552.0,
LILAK,2025-03-31,-0.1334899197494617,-0.01082754514784679,-0.1258883248730965,0.1281033687125058,0.6794646977388095,-0.05807180735460316,-0.2337078651685394,0.6559476086525104,8.087003327461343,1.076569278210422,-72100000.0,,2.6248357,6.615,1572663552.0,
LILAK,2025-06-30,-0.6957593688362919,-0.03541399994980297,-0.3895279285911475,0.169135916076194,0.6793043158185331,0.002953391785879056,2.103372434017595,0.6903763940131683,13.56344510190664,1.075758375098919,1900000.0,,2.6248357,6.615,1572663552.0,
LLYVA,2023-12-31,-0.788235294117647,0.134,inf,-inf,,,,1.303,-7.664705882352941,5.561643835616438,2000000.0,,-23.09798,,8514482688.0,
LLYVA,2024-03-31,-0.788235294117647,0.134,inf,-inf,,,0.0,1.303,-7.664705882352941,5.561643835616438,2000000.0,,-23.09798,,8514482688.0,
LLYVA,2024-06-30,-0.788235294117647,0.134,inf,-inf,,,0.0,1.303,-7.664705882352941,5.561643835616438,2000000.0,,-23.09798,,8514482688.0,
LLYVA,2024-09-30,-0.07281553398058252,0.01195219123505976,inf,-inf,,,-0.8880597014925373,1.145019920318725,-6.975728155339806,7.054545454545455,-4000000.0,,-23.09798,,8514482688.0,
LLYVA,2024-12-31,0.298050139275766,-0.0874897792313982,-inf,-inf,,,-8.133333333333333,1.272281275551921,-4.334261838440112,108.3333333333333,-3000000.0,,-23.09798,,8514482688.0,
LLYVA,2025-03-31,0.04545454545454546,-0.01380991064175467,-inf,-inf,,,-0.8411214953271028,1.285134037367994,-4.229946524064171,inf,113000000.0,,-23.09798,,8514482688.0,
LLYVA,2025-06-30,0.3483365949119374,-0.1298322392414296,-inf,-inf,,,9.470588235294118,1.290299051787017,-3.461839530332681,0.1745762711864407,-129000000.0,,-23.09798,,8514482688.0,
LLYVK,2023-12-31,-0.788235294117647,0.134,inf,-inf,,,,1.303,-7.664705882352941,5.561643835616438,2000000.0,,-23.773344,,8514478592.0,
LLYVK,2024-03-31,-0.788235294117647,0.134,inf,-inf,,,0.0,1.303,-7.664705882352941,5.561643835616438,2000000.0,,-23.773344,,8514478592.0,
LLYVK,2024-06-30,-0.788235294117647,0.134,inf,-inf,,,0.0,1.303,-7.664705882352941,5.561643835616438,2000000.0,,-23.773344,,8514478592.0,
LLYVK,2024-09-30,-0.07281553398058252,0.01195219123505976,inf,-inf,,,-0.8880597014925373,1.145019920318725,-6.975728155339806,7.054545454545455,-4000000.0,,-23.773344,,8514478592.0,
LLYVK,2024-12-31,0.298050139275766,-0.0874897792313982,-inf,-inf,,,-8.133333333333333,1.272281275551921,-4.334261838440112,108.3333333333333,-3000000.0,,-23.773344,,8514478592.0,
LLYVK,2025-03-31,0.04545454545454546,-0.01380991064175467,-inf,-inf,,,-0.8411214953271028,1.285134037367994,-4.229946524064171,inf,113000000.0,,-23.773344,,8514478592.0,
LLYVK,2025-06-30,0.3483365949119374,-0.1298322392414296,-inf,-inf,,,9.470588235294118,1.290299051787017,-3.461839530332681,0.1745762711864407,-129000000.0,,-23.773344,,8514478592.0,
LPX,2023-12-31,0.09644364074743822,0.06326611308817714,0.1965601965601965,0.2395577395577396,0.3230958230958231,,,0.1463028865164097,0.2230259192284509,3.383141762452107,176000000.0,23.414118,3.9986339,12.705,6929975808.0,1.13
LPX,2024-03-31,,,0.1965601965601965,0.2395577395577396,0.3230958230958231,0.0,0.0,,,,176000000.0,23.414118,3.9986339,12.705,6929975808.0,1.13
LPX,2024-06-30,0.09644364074743822,0.06326611308817714,0.1965601965601965,0.2395577395577396,0.3230958230958231,0.0,0.0,0.1463028865164097,0.2230259192284509,3.383141762452107,176000000.0,23.414118,3.9986339,12.705,6929975808.0,1.13
LPX,2024-09-30,0.05402160864345738,0.03493788819875776,0.1246537396121884,0.1634349030470914,0.2673130193905817,-0.1130221130221131,-0.4375,0.1444099378881988,0.2232893157262905,2.911184210526316,139000000.0,23.414118,3.9986339,12.705,6929975808.0,1.13
LPX,2024-12-31,0.03710353081986834,0.02413390424289607,0.09117647058823529,0.1235294117647059,0.2397058823529412,-0.05817174515235457,-0.3111111111111111,0.1479174776177501,0.227408737283064,2.740384615384615,43000000.0,23.414118,3.9986339,12.705,6929975808.0,1.13
LPX,2025-03-31,0.05378250591016549,0.03540856031128405,0.1256906077348066,0.1685082872928177,0.2720994475138122,0.06470588235294117,0.467741935483871,0.1474708171206226,0.2239952718676123,3.039855072463768,0.0,23.414118,3.9986339,12.705,6929975808.0,1.13
LPX,2025-06-30,0.03099885189437428,0.02033132530120482,0.07152317880794702,0.1337748344370861,0.2357615894039735,0.04281767955801108,-0.4065934065934066,0.1423192771084337,0.21699196326062,2.841269841269841,94000000.0,23.414118,3.9986339,12.705,6929975808.0,1.13
MA,2023-12-31,,,,,,,,0.3686249498027543,2.102816332030724,1.140182121328716,2842000000.0,39.224545,67.10891,28.524,525863813120.0,0.52
MA,2024-03-31,0.4390243902439024,0.07696123591524343,0.4680362016951587,0.594598477230283,0.769142364602787,,,0.3686249498027543,2.102816332030724,1.140182121328716,2842000000.0,39.224545,67.10891,28.524,525863813120.0,0.52
MA,2024-06-30,0.4390243902439024,0.07696123591524343,0.4680362016951587,0.594598477230283,0.769142364602787,0.0,0.0,0.3686249498027543,2.102816332030724,1.140182121328716,2842000000.0,39.224545,67.10891,28.524,525863813120.0,0.52
MA,2024-09-30,0.4385752688172043,0.06907720642716515,0.4428009227846383,0.5694124033111684,0.7422988193784774,0.05861226835224831,0.001534683855125785,0.3886360268433643,2.46747311827957,1.289464554180641,4866000000.0,39.224545,67.10891,28.524,525863813120.0,0.52
MA,2024-12-31,0.515343099460293,0.0695077057465527,0.4462545066096942,0.5653625317131793,0.7792762718654026,0.01628443479440911,0.02421084891204406,0.3790686549780579,2.810485736314572,1.026222684703434,4584000000.0,39.224545,67.10891,28.524,525863813120.0,0.52
MA,2025-03-31,0.4916804077349723,0.06767072415927378,0.4524137931034483,0.5932413793103448,0.7671724137931034,-0.03191347309387105,-0.0185517654099342,0.3879100474520322,2.818467995802728,1.110836885797622,2023000000.0,39.224545,67.10891,28.524,525863813120.0,0.52
MA,2025-06-30,0.4712848592894435,0.07196049075460326,0.4550596335915406,0.6042050903725562,0.7722857494159596,0.1217931034482758,0.1283536585365854,0.3688436934922518,2.415637336049917,1.163487308844395,4394000000.0,39.224545,67.10891,28.524,525863813120.0,0.52
MCO,2023-12-31,0.1461090524086819,0.03676813428362086,0.3037974683544304,0.4358833241607045,0.7418822234452394,,,0.4864450809298608,1.933033350979354,1.516309412861137,593000000.0,43.84211,23.457329,28.919,92631760896.0,0.73
MCO,2024-03-31,0.1461090524086819,0.03676813428362086,0.3037974683544304,0.4358833241607045,0.7418822234452394,0.0,0.0,0.4864450809298608,1.933033350979354,1.516309412861137,,43.84211,23.457329,28.919,92631760896.0,0.73
MCO,2024-06-30,0.1461090524086819,0.03676813428362086,0.3037974683544304,0.4358833241607045,0.7418822234452394,0.0,0.0,0.4864450809298608,1.933033350979354,1.516309412861137,593000000.0,43.84211,23.457329,28.919,92631760896.0,0.73
MCO,2024-09-30,0.1367477592829706,0.03386391020356395,0.2945394373965802,0.4186431329288472,0.7175951461665747,-0.002201430930104609,-0.03260869565217395,0.5024414991438899,2.028937259923175,1.667078825347759,631000000.0,43.84211,23.457329,28.919,92631760896.0,0.73
MCO,2024-12-31,0.1107994389901823,0.0254756530151564,0.236244019138756,0.3708133971291866,0.7027511961722488,-0.07777164920022062,-0.2602996254681648,0.4995807803934215,2.172791023842917,1.470670002780095,600000000.0,43.84211,23.457329,28.919,92631760896.0,0.73
MCO,2025-03-31,0.1689189189189189,0.04140169581346052,0.3248440748440748,0.4579002079002079,0.7448024948024948,0.1507177033492824,0.5822784810126582,0.4727080021197668,1.928648648648649,1.564964004113816,672000000.0,43.84211,23.457329,28.919,92631760896.0,0.73
MCO,2025-06-30,0.1463661686502912,0.03732162458836443,0.3045310853530032,0.4457323498419389,0.7423603793466808,-0.01351351351351349,-0.07520000000000004,0.4702008135855879,1.844011142061281,1.752550056667926,468000000.0,43.84211,23.457329,28.919,92631760896.0,0.73
NU,2023-12-31,0.05568590429875472,0.008640929434021562,0.1915121978346979,,,,,0.02175770857954871,0.1402161291759393,,-597402000.0,27.872341,6.612822,,63303790592.0,
NU,2024-03-31,0.05568590429875472,0.008640929434021562,0.1915121978346979,,,0.0,0.0,0.02175770857954871,0.1402161291759393,,-597402000.0,27.872341,6.612822,,63303790592.0,
NU,2024-06-30,0.0703800422911154,0.01087594438999588,0.2337067356300228,,,0.0540728963127175,0.2863093761054238,0.01851795638346146,0.1198327709924546,,2651600000.0,27.872341,6.612822,,63303790592.0,
NU,2024-09-30,0.07239152377678253,0.01137768219606747,0.2639634925533605,,,0.005504630278008626,0.1356819189282372,0.01088452717379572,0.06925378070176816,,-1104628000.0,27.872341,6.612822,,63303790592.0,
NU,2024-12-31,0.07227558361971409,0.01106802650542404,0.2618937156218293,,,0.006544399601421169,-0.001348064461334397,0.01157494388179707,0.07558581685834789,,1274484000.0,27.872341,6.612822,,63303790592.0,
NU,2025-03-31,0.06473151609757956,0.01028191618678037,0.2476044003313224,,,0.06644349338844435,0.008256731325998912,0.006979246676548103,0.04393901004297327,,1002830000.0,27.872341,6.612822,,63303790592.0,
NVR,2023-12-31,0.09697941995806389,0.0625699984143057,0.153184653870711,0.1921758537695314,0.2558196405297561,,,0.158155993612274,0.2451314833324786,4.641274129404958,226260000.0,17.421566,6.174895,11.268,22754127872.0,
NVR,2024-03-31,,,0.153184653870711,0.1921758537695314,0.2558196405297561,0.0,0.0,,,,226260000.0,17.421566,6.174895,11.268,22754127872.0,
NVR,2024-06-30,0.09697941995806389,0.0625699984143057,0.153184653870711,0.1921758537695314,0.2558196405297561,0.0,0.0,0.158155993612274,0.2451314833324786,4.641274129404958,226260000.0,17.421566,6.174895,11.268,22754127872.0,
NVR,2024-09-30,0.1005146505190052,0.0661702341141763,0.1568200654642126,0.1864710946754532,0.2507934640986033,0.04606192510953799,0.0708872947139465,0.1564115491004459,0.2375940240416853,4.915858905504423,350052000.0,17.421566,6.174895,11.268,22754127872.0,
NVR,2024-12-31,0.1086518235317591,0.07168670431600874,0.160434454448781,0.1911438940968179,0.2544798555559609,0.04146906923711646,0.06547284911360451,0.1599258610108654,0.2423913415257506,5.074515551128229,631459000.0,17.421566,6.174895,11.268,22754127872.0,
NVR,2025-03-31,0.0757525797387591,0.04835354762858982,0.1244687012586639,0.1585702901483191,0.2374330968681731,-0.1558532383466937,-0.3450917294811032,0.1655734865749242,0.2593939712703784,4.595631630883591,200722000.0,17.421566,6.174895,11.268,22754127872.0,
NVR,2025-06-30,0.08679470218309858,0.05619093303143666,0.1281973274761678,0.1643021741193029,0.2317529204200657,0.08162950726222529,0.1140311640451839,0.1732335871045583,0.2675833411137358,4.970623712235348,26802000.0,17.421566,6.174895,11.268,22754127872.0,
OXY,2023-12-31,0.0488933770933266,0.01524614254224835,0.1704562124101511,0.2342672729939856,0.3737714537186446,,,0.2731053846961268,0.6493931925248807,1.040519641200124,623000000.0,26.241177,1.6007034,5.639,43915870208.0,2.15
OXY,2024-03-31,0.0488933770933266,0.01524614254224835,0.1704562124101511,0.2342672729939856,0.3737714537186446,0.0,0.0,0.2731053846961268,0.6493931925248807,1.040519641200124,623000000.0,26.241177,1.6007034,5.639,43915870208.0,2.15
OXY,2024-06-30,0.0488933770933266,0.01524614254224835,0.1704562124101511,0.2342672729939856,0.3737714537186446,0.0,0.0,0.2731053846961268,0.6493931925248807,1.040519641200124,623000000.0,26.241177,1.6007034,5.639,43915870208.0,2.15
OXY,2024-09-30,0.04293781028536779,0.01320466650350221,0.1579534364979785,0.2549839676564896,0.3825456573260839,0.05222238521343692,-0.02495697074010328,0.3222381501812291,0.7973986272134741,1.001362540614191,1999000000.0,26.241177,1.6007034,5.639,43915870208.0,2.15
OXY,2024-12-31,-0.00490878169449598,-0.001486336239686348,-0.01878698224852071,0.1770710059171598,0.3428994082840237,-0.05757702495469119,-1.112091791703442,0.3172099011059746,0.7934658508738546,0.952631026152715,1575000000.0,26.241177,1.6007034,5.639,43915870208.0,2.15
OXY,2025-03-31,0.03542100283822138,0.01101604152200266,0.1375863589592827,0.2171100984859621,0.3608702043216228,0.00636094674556209,-8.370078740157481,0.3058481528122683,0.7486460013828071,1.009664345838096,240000000.0,26.241177,1.6007034,5.639,43915870208.0,2.15
OXY,2025-06-30,0.01669400400947695,0.005429113323850166,0.07140629872154662,0.1487371375116932,0.3253819769254755,-0.05718065559312069,-0.5106837606837606,0.2865576102418207,0.6767258272213202,1.048225128444652,962000000.0,26.241177,1.6007034,5.639,43915870208.0,2.15
POOL,2023-12-31,0.1351711668934282,0.05285458541454151,0.1087358683319546,0.1533978157786487,0.2995512446716662,,,0.3946514529044081,1.009287973538793,2.48436843937065,8770000.0,29.681734,9.24144,21.253,12007066624.0,1.55
POOL,2024-03-31,,,0.1087358683319546,0.1533978157786487,0.2995512446716662,0.0,0.0,,,,,29.681734,9.24144,21.253,12007066624.0,1.55
POOL,2024-06-30,0.1351711668934282,0.05285458541454151,0.1087358683319546,0.1533978157786487,0.2995512446716662,0.0,0.0,0.3946514529044081,1.009287973538793,2.48436843937065,8770000.0,29.681734,9.24144,21.253,12007066624.0,1.55
POOL,2024-09-30,0.08774883787815643,0.03732892160662163,0.08772617925170234,0.1230759889704574,0.2906058362220397,-0.1903650388974022,-0.3468008044107483,0.3680424209973959,0.8651547738967085,2.394638988052248,305494000.0,29.681734,9.24144,21.253,12007066624.0,1.55
POOL,2024-12-31,0.0292901650222032,0.01107421684801068,0.03777295517170492,0.06141902764514486,0.2939232125442668,-0.3108427159585702,-0.7032640949554896,0.3776287162459058,0.9987891304433181,2.048261875937293,157042000.0,29.681734,9.24144,21.253,12007066624.0,1.55
POOL,2025-03-31,0.04322708407504373,0.01442309375832503,0.0499707893228909,0.07236221986214053,0.2915178913064172,0.08511269606746064,0.4355227882037533,0.3628542775941164,1.087501241229653,1.79439306418291,13929000.0,29.681734,9.24144,21.253,12007066624.0,1.55
POOL,2025-06-30,0.1495306815855065,0.05290313936223637,0.1088566737460284,0.1527965346617877,0.2998890464155828,0.6654098920604821,2.627939116630871,0.4230372041495051,1.195714323102289,2.516139133189929,-42863000.0,29.681734,9.24144,21.253,12007066624.0,1.55
SIRI,2023-12-31,-0.1438712730714624,0.02717925793473402,0.1395775941230487,0.2258953168044077,0.4880624426078972,,,0.8395172105498435,-4.44391859914813,0.4300234558248632,316000000.0,,0.68500894,7.533,7755122176.0,4.69
SIRI,2024-03-31,-0.1438712730714624,0.02717925793473402,0.1395775941230487,0.2258953168044077,0.4880624426078972,0.0,0.0,0.8395172105498435,-4.44391859914813,0.4300234558248632,316000000.0,,0.68500894,7.533,7755122176.0,4.69
SIRI,2024-06-30,-0.1438712730714624,0.02717925793473402,0.1395775941230487,0.2258953168044077,0.4880624426078972,0.0,0.0,0.8395172105498435,-4.44391859914813,0.4300234558248632,316000000.0,,0.68500894,7.533,7755122176.0,4.69
SIRI,2024-09-30,-0.2261718390275348,-0.08936433431575884,-1.131275909719023,0.2243205895900507,0.4859511745739291,-0.003213957759412356,-9.078947368421053,0.3902776261689044,0.9877520950363754,0.370140476968311,93000000.0,,0.68500894,7.533,7755122176.0,4.69
SIRI,2024-12-31,0.0259165613147914,0.0104284001308092,0.1311700182815357,0.2362888482632541,0.4798903107861061,0.007830492860432914,-1.11685667752443,0.3769848479343047,0.9368791764493408,0.420725009154156,514000000.0,,0.68500894,7.533,7755122176.0,4.69
SIRI,2025-03-31,0.01819479129504103,0.007438197330999781,0.09864603481624758,0.2103481624758221,0.4661508704061896,-0.05484460694698357,-0.289198606271777,0.3816086924815868,0.9334641455583303,0.4215409439290037,53000000.0,,0.68500894,7.533,7755122176.0,4.69
SIRI,2025-06-30,0.01809515402948186,0.007502012735124058,0.09588400374181479,0.2207670720299345,0.4677268475210477,0.03384912959381037,0.004901960784313708,0.3731610920002927,0.9000794421396416,0.4066147859922179,401000000.0,,0.68500894,7.533,7755122176.0,4.69
STZ,2023-11-30,,,0.3294762942369825,0.3537455856938914,0.5273874821549328,,,,,,315200000.0,,4.0912957,10.904,29662480384.0,2.43
STZ,2024-02-29,0.08554595290583117,0.03365297907529135,0.3294762942369825,0.3537455856938914,0.5273874821549328,0.0,0.0,0.455957574990119,1.159045240835756,1.226186663250272,315200000.0,,4.0912957,10.904,29662480384.0,2.43
STZ,2024-05-31,0.08554595290583117,0.03365297907529135,0.3294762942369825,0.3537455856938914,0.5273874821549328,0.0,0.0,0.455957574990119,1.159045240835756,1.226186663250272,315200000.0,,4.0912957,10.904,29662480384.0,2.43
STZ,2024-08-31,-0.1523352137012756,-0.05195176588341833,-0.4107711809243208,0.3496522662646888,0.5179348384665456,0.09658877451348702,-2.367160775370581,0.5270959439492875,1.545573512222392,1.251561534765598,854000000.0,,4.0912957,10.904,29662480384.0,2.43
STZ,2024-11-30,0.07878175445777584,0.02700581420841701,0.2499797061449793,0.3218605406282978,0.5212679600616933,-0.1559148994484224,-1.513678065054212,0.5314125106330735,1.550244314257208,1.103526907874734,456800000.0,,4.0912957,10.904,29662480384.0,2.43
STZ,2025-02-28,-0.0545335658238884,-0.01733303159479593,-0.1734128084280566,0.2815821088623972,0.515063302837076,-0.1216007792840328,-1.609352167559669,0.5594555774675207,1.760171461784365,0.9209952418715305,312100000.0,,4.0912957,10.904,29662480384.0,2.43
STZ,2025-05-31,0.0710343403757484,0.02318227348884008,0.2052087475149105,0.3045328031809145,0.5036182902584493,0.1620922280750392,-2.375166533439915,0.5195686057845634,1.592044594315601,1.066917517121897,444400000.0,,4.0912957,10.904,29662480384.0,2.43
TMUS,2023-12-31,0.04669838431572897,0.01402494282138696,0.1479364758243981,0.2341695326724661,0.6585069795670645,,,0.5473323839525885,1.822434382783064,0.8376161125097664,3325000000.0,24.044382,4.698057,12.317,286565695488.0,1.38
TMUS,2024-03-31,,,0.1479364758243981,0.2341695326724661,0.6585069795670645,0.0,0.0,,,,3325000000.0,24.044382,4.698057,12.317,286565695488.0,1.38
TMUS,2024-06-30,0.04669838431572897,0.01402494282138696,0.1479364758243981,0.2341695326724661,0.6585069795670645,0.0,0.0,0.5473323839525885,1.822434382783064,0.8376161125097664,3325000000.0,24.044382,4.698057,12.317,286565695488.0,1.38
TMUS,2024-09-30,0.04761089494163424,0.01451537899422042,0.1517210594187084,0.2378732268624144,0.6513738716397183,0.01972486344325319,0.04581196581196578,0.5511525941672756,1.80779766536965,1.075208780720592,1759000000.0,24.044382,4.698057,12.317,286565695488.0,1.38
TMUS,2024-12-31,0.04828234074601966,0.01432931958564665,0.1362929773226042,0.2096744696415508,0.598344915874177,0.08481301458188661,-0.02549852893102322,0.5499266950272791,1.852966424256167,0.9122633092098741,2502000000.0,24.044382,4.698057,12.317,286565695488.0,1.38
TMUS,2025-03-31,0.04832665084690287,0.01375836893674318,0.1413865747390597,0.2298190175237001,0.645695681317629,-0.04508046817849309,-0.009392821200939316,0.5633336905322108,1.978725145241797,1.161327182699226,4323000000.0,24.044382,4.698057,12.317,286565695488.0,1.38
TMUS,2025-06-30,0.05272718346506947,0.01515215643120159,0.1524701873935264,0.2466874881696006,0.6509558962710581,0.01177822464808953,0.09109380291229252,0.5542623081879018,1.92874793395192,1.211293095647453,3754000000.0,24.044382,4.698057,12.317,286565695488.0,1.38
ULTA,2024-01-31,0.1360921232836523,0.0555959501692046,0.1148681070991486,0.1481619664779547,0.3924576865621267,,,0.3360775036803488,0.822676848305091,1.755316253837291,68316000.0,20.367476,9.656015,13.554,23416657920.0,
ULTA,2024-04-30,0.1360921232836523,0.0555959501692046,0.1148681070991486,0.1481619664779547,0.3924576865621267,0.0,0.0,0.3360775036803488,0.822676848305091,1.755316253837291,68316000.0,20.367476,9.656015,13.554,23416657920.0,
ULTA,2024-07-31,0.107554851458163,0.04401918078686403,0.0989605761872538,0.1306209388629776,0.3832851309536078,-0.06374566740331811,-0.1934030206347229,0.3362143671846242,0.8214938505042246,1.758849421266765,104262000.0,20.367476,9.656015,13.554,23416657920.0,
ULTA,2024-10-31,0.1039837115270916,0.04064438516764158,0.09571914153590767,0.1278151061222877,0.3974720366783921,-0.008615301907811124,-0.04108791713520965,0.3593198003653948,0.9192759667309143,1.626762063788567,-171073000.0,20.367476,9.656015,13.554,23416657920.0,
ULTA,2025-01-31,0.1580442967697911,0.06552651060292487,0.1127617437569872,0.1485405946004996,0.3823961275586582,0.3784510493656377,0.6238815091316754,0.3204485800923173,0.7728943602455118,1.70207667641859,962642000.0,20.367476,9.656015,13.554,23416657920.0,
ULTA,2025-04-30,0.1255201511910243,0.05095504376459175,0.1070971542641801,0.1416973304352985,0.3911781733182557,-0.1832918102579438,-0.2243191700358532,0.3299324551517542,0.8127393991613392,1.666632650168665,140990000.0,20.367476,9.656015,13.554,23416657920.0,
V,2023-12-31,,,,,,,,0.2262961335676626,0.5185632661280173,1.372678223951884,4734000000.0,33.672535,17.590258,24.619,668595585024.0,0.69
V,2024-03-31,,,,,,,,0.2262961335676626,0.5185632661280173,1.372678223951884,4734000000.0,33.672535,17.590258,24.619,668595585024.0,0.69
V,2024-06-30,0.1271929824561404,0.05351493848857645,0.5474157303370787,0.6686516853932585,0.8007865168539325,,,0.2262961335676626,0.5185632661280173,1.372678223951884,4734000000.0,33.672535,17.590258,24.619,668595585024.0,0.69
V,2024-09-30,0.1395580748438566,0.05626858249304314,0.5529790995112821,0.661224914214412,0.8110637412914631,0.08056179775280903,0.09154351395730709,0.2204611103469437,0.5323862329764673,1.283440811554852,6355000000.0,33.672535,17.590258,24.619,668595585024.0,0.69
V,2024-12-31,0.1369009413778348,0.05570912415114052,0.5382754994742377,0.6601472134595163,0.7875920084121977,-0.01112613081002389,-0.03742008273787134,0.2242839108479888,0.5381501984541467,1.121377745694545,5051000000.0,33.672535,17.590258,24.619,668595585024.0,0.69
V,2025-03-31,0.1232032301480484,0.04929296845551571,0.4770690014592454,0.6707317073170732,0.8039399624765479,0.008832807570977819,-0.1058800546981833,0.2236007452640195,0.5459374178280305,1.084032783647675,4368000000.0,33.672535,17.590258,24.619,668595585024.0,0.69
V,2025-06-30,0.1394967321990845,0.05270735023594338,0.5182854895792371,0.667715296893433,0.8060361777428234,0.06024598707525541,0.1518461874590342,0.2513196832760138,0.6501655286571487,1.115345513695646,6309000000.0,33.672535,17.590258,24.619,668595585024.0,0.69
VRSN,2023-12-31,,,,,,,,1.19786060726862,-0.9925677163620348,0.6389658356417359,,32.244923,-12.670298,23.576,25210048512.0,1.14
VRSN,2024-03-31,,,,,,,,1.19786060726862,-0.9925677163620348,0.6389658356417359,151200000.0,32.244923,-12.670298,23.576,25210048512.0,1.14
VRSN,2024-06-30,-0.1094472583131469,0.1320842468938941,0.5135623869801085,0.6876776026866442,0.8783260139498837,,,1.19786060726862,-0.9925677163620348,0.6389658356417359,151200000.0,32.244923,-12.670298,23.576,25210048512.0,1.14
VRSN,2024-09-30,-0.1059139219193939,0.137688098495212,0.5153609831029186,0.689452124935996,0.880184331797235,0.009041591320072317,0.01257545271629779,1.232626538987688,-0.9481742607597601,0.4700563491023457,247800000.0,32.244923,-12.670298,23.576,25210048512.0,1.14
VRSN,2024-12-31,-0.09780887685785791,0.136153572698187,0.4843196762771876,0.6671724835609509,0.8775923115832068,0.01228878648233489,-0.04868355688027814,1.280838961962318,-0.9201184943051228,0.4335445104826595,222000000.0,32.244923,-12.670298,23.576,25210048512.0,1.14
VRSN,2025-03-31,-0.1008093070308548,0.1376666436416385,0.4954014417101665,0.674123788217748,0.8772060651255282,0.01745068285280738,0.04073107049608349,1.237618291082407,-0.906272129489125,0.555028757966734,285500000.0,32.244923,-12.670298,23.576,25210048512.0,1.14
VRSN,2025-06-30,-0.1040224696559334,0.1473220627930104,0.5059770675774579,0.6848011710173213,0.8802146865089047,0.0188913745960726,0.04064224786753634,1.272623952265947,-0.898585615407764,0.5416798983804383,194700000.0,32.244923,-12.670298,23.576,25210048512.0,1.14
