issuer,title,cusip,value,shares,date
ALLY FINL INC,COM,02005N100,504589507,12719675,2024-08-14
ALLY FINL INC,COM,02005N100,111229721,2803875,2024-08-14
ALLY FINL INC,COM,02005N100,167732694,4228200,2024-08-14
ALLY FINL INC,COM,02005N100,124444790,3137000,2024-08-14
ALLY FINL INC,COM,02005N100,191854038,4836250,2024-08-14
ALLY FINL INC,COM,02005N100,50579250,1275000,2024-08-14
AMAZON COM INC,COM,023135106,1492663000,7724000,2024-08-14
AMAZON COM INC,COM,023135106,439837000,2276000,2024-08-14
AMERICAN EXPRESS CO,COM,025816109,266269070,1149942,2024-08-14
AMERICAN EXPRESS CO,COM,025816109,34515084970,149061045,2024-08-14
AMERICAN EXPRESS CO,COM,025816109,324103545,1399713,2024-08-14
APPLE INC,COM,037833100,145749040,692000,2024-08-14
APPLE INC,COM,037833100,808780800,3840000,2024-08-14
APPLE INC,COM,037833100,7161080,34000,2024-08-14
APPLE INC,COM,037833100,10625468967,50448528,2024-08-14
APPLE INC,COM,037833100,573728880,2724000,2024-08-14
APPLE INC,COM,037833100,3314359918,15736207,2024-08-14
APPLE INC,COM,037833100,12962184133,61542988,2024-08-14
APPLE INC,COM,037833100,1517306480,7204000,2024-08-14
APPLE INC,COM,037833100,7023378750,33346210,2024-08-14
APPLE INC,COM,037833100,45903379392,217944067,2024-08-14
APPLE INC,COM,037833100,571201440,2712000,2024-08-14
APPLE INC,COM,037833100,795301120,3776000,2024-08-14
ATLANTA BRAVES HLDGS INC,COM SER C,047726302,4268078,108217,2024-08-14
ATLANTA BRAVES HLDGS INC,COM SER C,047726302,3820434,96867,2024-08-14
ATLANTA BRAVES HLDGS INC,COM SER C,047726302,588800,14929,2024-08-14
ATLANTA BRAVES HLDGS INC,COM SER C,047726302,143246,3632,2024-08-14
BANK AMER CORP,COM,060505104,155898400,3920000,2024-08-14
BANK AMER CORP,COM,060505104,473263000,11900000,2024-08-14
BANK AMER CORP,COM,060505104,695279025,17482500,2024-08-14
BANK AMER CORP,COM,060505104,5567800000,140000000,2024-08-14
BANK AMER CORP,COM,060505104,1251880060,31478000,2024-08-14
BANK AMER CORP,COM,060505104,83517000,2100000,2024-08-14
BANK AMER CORP,COM,060505104,904823178,22751400,2024-08-14
BANK AMER CORP,COM,060505104,12399490600,311780000,2024-08-14
BANK AMER CORP,COM,060505104,477200230,11999000,2024-08-14
BANK AMER CORP,COM,060505104,1577874750,39675000,2024-08-14
BANK AMER CORP,COM,060505104,15986192036,401966106,2024-08-14
BANK AMER CORP,COM,060505104,1113560000,28000000,2024-08-14
BANK AMER CORP,COM,060505104,389746000,9800000,2024-08-14
CAPITAL ONE FINL CORP,COM,14040H105,502453049,3629130,2024-08-14
CAPITAL ONE FINL CORP,COM,14040H105,542764289,3920291,2024-08-14
CAPITAL ONE FINL CORP,COM,14040H105,295867650,2137000,2024-08-14
CAPITAL ONE FINL CORP,COM,14040H105,18362762,132631,2024-08-14
CHARTER COMMUNICATIONS INC N,CL A,16119P108,1144700201,3828941,2024-08-14
CHEVRON CORP NEW,COM,166764100,2747361036,17564001,2024-08-14
CHEVRON CORP NEW,COM,166764100,9604188,61400,2024-08-14
CHEVRON CORP NEW,COM,166764100,327230640,2092000,2024-08-14
CHEVRON CORP NEW,COM,166764100,5086341675,32517208,2024-08-14
CHEVRON CORP NEW,COM,166764100,447110928,2858400,2024-08-14
CHEVRON CORP NEW,COM,166764100,9632269301,61579525,2024-08-14
CHEVRON CORP NEW,COM,166764100,303141960,1938000,2024-08-14
CITIGROUP INC,COM NEW,172967424,231311700,3645000,2024-08-14
CITIGROUP INC,COM NEW,172967424,5647940,89000,2024-08-14
CITIGROUP INC,COM NEW,172967424,1802582887,28405025,2024-08-14
CITIGROUP INC,COM NEW,172967424,360785965,5685250,2024-08-14
CITIGROUP INC,COM NEW,172967424,914301346,14407522,2024-08-14
CITIGROUP INC,COM NEW,172967424,191204980,3013000,2024-08-14
COCA COLA CO,COM,191216100,50920000,800000,2024-08-14
COCA COLA CO,COM,191216100,23644129,371471,2024-08-14
COCA COLA CO,COM,191216100,5410250,85000,2024-08-14
COCA COLA CO,COM,191216100,5110025680,80283200,2024-08-14
COCA COLA CO,COM,191216100,116097600,1824000,2024-08-14
COCA COLA CO,COM,191216100,917272880,14411200,2024-08-14
COCA COLA CO,COM,191216100,954138960,14990400,2024-08-14
COCA COLA CO,COM,191216100,17995301701,282722729,2024-08-14
COCA COLA CO,COM,191216100,226084800,3552000,2024-08-14
COCA COLA CO,COM,191216100,61104000,960000,2024-08-14
DAVITA INC,COM,23918K108,2436349934,17582088,2024-08-14
DAVITA INC,COM,23918K108,2565413201,18513482,2024-08-14
DIAGEO P L C,SPON ADR NEW,25243Q205,28714720,227750,2024-08-14
FLOOR & DECOR HLDGS INC,CL A,339750101,129518307,1302870,2024-08-14
FLOOR & DECOR HLDGS INC,CL A,339750101,115902119,1165900,2024-08-14
FLOOR & DECOR HLDGS INC,CL A,339750101,103485810,1041000,2024-08-14
FLOOR & DECOR HLDGS INC,CL A,339750101,46533821,468100,2024-08-14
HEICO CORP NEW,CL A,422806208,185373840,1044242,2024-08-14
JEFFERIES FINL GROUP INC,COM,47233W109,21573846,433558,2024-08-14
KRAFT HEINZ CO,COM,500754106,10491953836,325634818,2024-08-14
KROGER CO,COM,501044101,829192004,16607090,2024-08-14
KROGER CO,COM,501044101,38372753,768531,2024-08-14
KROGER CO,COM,501044101,267980252,5367119,2024-08-14
KROGER CO,COM,501044101,1360954992,27257260,2024-08-14
LENNAR CORP,CL B,526057302,21273114,152572,2024-08-14
LIBERTY MEDIA CORP DEL,COM LBTY LIV S C,531229722,139286803,3639582,2024-08-14
LIBERTY MEDIA CORP DEL,COM LBTY LIV S C,531229722,5478618,143157,2024-08-14
LIBERTY MEDIA CORP DEL,COM LBTY LIV S C,531229722,211619552,5529646,2024-08-14
LIBERTY MEDIA CORP DEL,COM LBTY LIV S C,531229722,6223467,162620,2024-08-14
LIBERTY MEDIA CORP DEL,COM LBTY LIV S C,531229722,55210445,1442656,2024-08-14
LIBERTY MEDIA CORP DEL,COM LBTY LIV S A,531229748,37948792,1011698,2024-08-14
LIBERTY MEDIA CORP DEL,COM LBTY LIV S A,531229748,123211910,3284775,2024-08-14
LIBERTY MEDIA CORP DEL,COM LBTY LIV S A,531229748,8752846,233347,2024-08-14
LIBERTY MEDIA CORP DEL,COM LBTY LIV S A,531229748,17133368,456768,2024-08-14
LIBERTY MEDIA CORP DEL,COM LBTY SRM S C,531229789,327487616,14778322,2024-08-14
LIBERTY MEDIA CORP DEL,COM LBTY SRM S C,531229789,1081960648,48824939,2024-08-14
LIBERTY MEDIA CORP DEL,COM LBTY SRM S C,531229789,14414637,650480,2024-08-14
LIBERTY MEDIA CORP DEL,COM LBTY SRM S C,531229789,127401297,5749156,2024-08-14
LIBERTY MEDIA CORP DEL,COM LBTY SRM S A,531229813,95424792,4308117,2024-08-14
LIBERTY MEDIA CORP DEL,COM LBTY SRM S A,531229813,622717104,28113639,2024-08-14
LIBERTY MEDIA CORP DEL,COM LBTY SRM S A,531229813,20674611,933391,2024-08-14
LIBERTY MEDIA CORP DEL,COM LBTY SRM S A,531229813,40469645,1827072,2024-08-14
LIBERTY MEDIA CORP DEL,COM SER C FRMLA,531229854,268446683,3736730,2024-08-14
LIBERTY MEDIA CORP DEL,COM SER C FRMLA,531229854,240290432,3344800,2024-08-14
LIBERTY MEDIA CORP DEL,COM SER C FRMLA,531229854,37033592,515501,2024-08-14
LIBERTY MEDIA CORP DEL,COM SER C FRMLA,531229854,9010173,125420,2024-08-14
LOUISIANA PAC CORP,COM,546347105,133365050,1619884,2024-08-14
LOUISIANA PAC CORP,COM,546347105,357716358,4344909,2024-08-14
MASTERCARD INC,CL A,57636Q104,1758749632,3986648,2024-08-14
MOODYS CORP,COM,615369105,30349053,72100,2024-08-14
MOODYS CORP,COM,615369105,5040185513,11973928,2024-08-14
MOODYS CORP,COM,615369105,5313715088,12623750,2024-08-14
NVR INC,COM,62944T105,84324079,11112,2024-08-14
OCCIDENTAL PETE CORP,COM,674599105,16090394458,255281524,2024-08-14
SPDR S&P 500 ETF TR,TR UNIT,78462F103,21442268,39400,2024-08-14
SIRIUS XM HOLDINGS INC,COM,82968B103,376045343,132878213,2024-08-14
T-MOBILE US INC,COM,872590104,823112960,4672000,2024-08-14
ULTA BEAUTY INC,COM,90384S303,217285712,563106,2024-08-14
ULTA BEAUTY INC,COM,90384S303,49005490,127000,2024-08-14
VANGUARD INDEX FDS,S&P 500 ETF SHS,922908363,21505590,43000,2024-08-14
VERISIGN INC,COM,92343E102,873021470,4910132,2024-08-14
VERISIGN INC,COM,92343E102,1405594522,7905481,2024-08-14
VISA INC,COM CL A,92826C839,2177834326,8297460,2024-08-14
AON PLC,SHS CL A,G0403H108,676408320,2304000,2024-08-14
AON PLC,SHS CL A,G0403H108,12860565,43806,2024-08-14
AON PLC,SHS CL A,G0403H108,514409115,1752194,2024-08-14
NU HLDGS LTD,ORD SHS CL A,G6683N103,1380761126,107118784,2024-08-14
LIBERTY LATIN AMERICA LTD,COM CL A,G9001E102,9663883,1005607,2024-08-14
LIBERTY LATIN AMERICA LTD,COM CL A,G9001E102,15618028,1625185,2024-08-14
LIBERTY LATIN AMERICA LTD,COM CL C,G9001E128,12352272,1284020,2024-08-14
CHUBB LIMITED,COM,H1467J104,6895777623,27033784,2024-08-14
ALLY FINL INC,COM,02005N100,452693233,12719675,2024-11-14
ALLY FINL INC,COM,02005N100,99789911,2803875,2024-11-14
ALLY FINL INC,COM,02005N100,150481638,4228200,2024-11-14
ALLY FINL INC,COM,02005N100,111645830,3137000,2024-11-14
ALLY FINL INC,COM,02005N100,172122138,4836250,2024-11-14
ALLY FINL INC,COM,02005N100,45377250,1275000,2024-11-14
AMAZON COM INC,COM,023135106,1439212920,7724000,2024-11-14
AMAZON COM INC,COM,023135106,424087080,2276000,2024-11-14
AMERICAN EXPRESS CO,COM,025816109,311864270,1149942,2024-11-14
AMERICAN EXPRESS CO,COM,025816109,40425355404,149061045,2024-11-14
AMERICAN EXPRESS CO,COM,025816109,379602166,1399713,2024-11-14
APPLE INC,COM,037833100,161236000,692000,2024-11-14
APPLE INC,COM,037833100,894720000,3840000,2024-11-14
APPLE INC,COM,037833100,7922000,34000,2024-11-14
APPLE INC,COM,037833100,8090692000,34724000,2024-11-14
APPLE INC,COM,037833100,634692000,2724000,2024-11-14
APPLE INC,COM,037833100,3618956000,15532000,2024-11-14
APPLE INC,COM,037833100,14339516204,61542988,2024-11-14
APPLE INC,COM,037833100,1678532000,7204000,2024-11-14
APPLE INC,COM,037833100,3371976000,14472000,2024-11-14
APPLE INC,COM,037833100,35590053796,152747012,2024-11-14
APPLE INC,COM,037833100,631896000,2712000,2024-11-14
APPLE INC,COM,037833100,879808000,3776000,2024-11-14
ATLANTA BRAVES HLDGS INC,COM SER C,047726302,4307037,108217,2024-11-14
ATLANTA BRAVES HLDGS INC,COM SER C,047726302,3855307,96867,2024-11-14
ATLANTA BRAVES HLDGS INC,COM SER C,047726302,594174,14929,2024-11-14
ATLANTA BRAVES HLDGS INC,COM SER C,047726302,144554,3632,2024-11-14
BANK AMER CORP,COM,060505104,155545600,3920000,2024-11-14
BANK AMER CORP,COM,060505104,472192000,11900000,2024-11-14
BANK AMER CORP,COM,060505104,366583680,9238500,2024-11-14
BANK AMER CORP,COM,060505104,5555200000,140000000,2024-11-14
BANK AMER CORP,COM,060505104,255936000,6450000,2024-11-14
BANK AMER CORP,COM,060505104,83328000,2100000,2024-11-14
BANK AMER CORP,COM,060505104,833280000,21000000,2024-11-14
BANK AMER CORP,COM,060505104,12371430400,311780000,2024-11-14
BANK AMER CORP,COM,060505104,22220800,560000,2024-11-14
BANK AMER CORP,COM,060505104,1137560763,28668366,2024-11-14
BANK AMER CORP,COM,060505104,8898892379,224266441,2024-11-14
BANK AMER CORP,COM,060505104,1111040000,28000000,2024-11-14
BANK AMER CORP,COM,060505104,388864000,9800000,2024-11-14
CAPITAL ONE FINL CORP,COM,14040H105,435725979,2910078,2024-11-14
CAPITAL ONE FINL CORP,COM,14040H105,586985171,3920291,2024-11-14
CAPITAL ONE FINL CORP,COM,14040H105,319973010,2137000,2024-11-14
CAPITAL ONE FINL CORP,COM,14040H105,19858840,132631,2024-11-14
CHARTER COMMUNICATIONS INC N,CL A,16119P108,914514546,2821879,2024-11-14
CHEVRON CORP NEW,COM,166764100,2586650427,17564001,2024-11-14
CHEVRON CORP NEW,COM,166764100,9042378,61400,2024-11-14
CHEVRON CORP NEW,COM,166764100,308088840,2092000,2024-11-14
CHEVRON CORP NEW,COM,166764100,4788809222,32517208,2024-11-14
CHEVRON CORP NEW,COM,166764100,420956568,2858400,2024-11-14
CHEVRON CORP NEW,COM,166764100,9068816647,61579525,2024-11-14
CHEVRON CORP NEW,COM,166764100,285409260,1938000,2024-11-14
CITIGROUP INC,COM NEW,172967424,228177000,3645000,2024-11-14
CITIGROUP INC,COM NEW,172967424,5571400,89000,2024-11-14
CITIGROUP INC,COM NEW,172967424,1778154565,28405025,2024-11-14
CITIGROUP INC,COM NEW,172967424,355896650,5685250,2024-11-14
CITIGROUP INC,COM NEW,172967424,901910877,14407522,2024-11-14
CITIGROUP INC,COM NEW,172967424,188613800,3013000,2024-11-14
COCA COLA CO,COM,191216100,57488000,800000,2024-11-14
COCA COLA CO,COM,191216100,26693906,371471,2024-11-14
COCA COLA CO,COM,191216100,6108100,85000,2024-11-14
COCA COLA CO,COM,191216100,5769150752,80283200,2024-11-14
COCA COLA CO,COM,191216100,131072640,1824000,2024-11-14
COCA COLA CO,COM,191216100,1035588832,14411200,2024-11-14
COCA COLA CO,COM,191216100,1077210144,14990400,2024-11-14
COCA COLA CO,COM,191216100,20316455306,282722729,2024-11-14
COCA COLA CO,COM,191216100,255246720,3552000,2024-11-14
COCA COLA CO,COM,191216100,68985600,960000,2024-11-14
DAVITA INC,COM,23918K108,2882231686,17582088,2024-11-14
DAVITA INC,COM,23918K108,3034915104,18513482,2024-11-14
DIAGEO P L C,SPON ADR NEW,25243Q205,31962435,227750,2024-11-14
DOMINOS PIZZA INC,COM,25754A201,549398896,1277256,2024-11-14
HEICO CORP NEW,CL A,422806208,213884223,1049687,2024-11-14
JEFFERIES FINL GROUP INC,COM,47233W109,26685495,433558,2024-11-14
KRAFT HEINZ CO,COM,500754106,11433038460,325634818,2024-11-14
KROGER CO,COM,501044101,951586257,16607090,2024-11-14
KROGER CO,COM,501044101,44036826,768531,2024-11-14
KROGER CO,COM,501044101,307535919,5367119,2024-11-14
KROGER CO,COM,501044101,1561840998,27257260,2024-11-14
LENNAR CORP,CL B,526057302,26385802,152572,2024-11-14
LIBERTY MEDIA CORP DEL,COM LBTY LIV S C,531229722,186819744,3639582,2024-11-14
LIBERTY MEDIA CORP DEL,COM LBTY LIV S C,531229722,7348249,143157,2024-11-14
LIBERTY MEDIA CORP DEL,COM LBTY LIV S C,531229722,283836729,5529646,2024-11-14
LIBERTY MEDIA CORP DEL,COM LBTY LIV S C,531229722,8347285,162620,2024-11-14
LIBERTY MEDIA CORP DEL,COM LBTY LIV S C,531229722,74051532,1442656,2024-11-14
LIBERTY MEDIA CORP DEL,COM LBTY LIV S A,531229748,50089168,1011698,2024-11-14
LIBERTY MEDIA CORP DEL,COM LBTY LIV S A,531229748,162629210,3284775,2024-11-14
LIBERTY MEDIA CORP DEL,COM LBTY LIV S A,531229748,11553010,233347,2024-11-14
LIBERTY MEDIA CORP DEL,COM LBTY LIV S A,531229748,22614584,456768,2024-11-14
LIBERTY MEDIA CORP DEL,COM SER C FRMLA,531229854,289335004,3736730,2024-11-14
LIBERTY MEDIA CORP DEL,COM SER C FRMLA,531229854,258987864,3344800,2024-11-14
LIBERTY MEDIA CORP DEL,COM SER C FRMLA,531229854,39915242,515501,2024-11-14
LIBERTY MEDIA CORP DEL,COM SER C FRMLA,531229854,9711271,125420,2024-11-14
LOUISIANA PAC CORP,COM,546347105,174072735,1619884,2024-11-14
LOUISIANA PAC CORP,COM,546347105,466903921,4344909,2024-11-14
MASTERCARD INC,CL A,57636Q104,1968606782,3986648,2024-11-14
MOODYS CORP,COM,615369105,34217939,72100,2024-11-14
MOODYS CORP,COM,615369105,5682706490,11973928,2024-11-14
MOODYS CORP,COM,615369105,5991105513,12623750,2024-11-14
NVR INC,COM,62944T105,109028722,11112,2024-11-14
OCCIDENTAL PETE CORP,COM,674599105,13157209747,255281524,2024-11-14
POOL CORP,COM,73278L105,152248678,404057,2024-11-14
SPDR S&P 500 ETF TR,TR UNIT,78462F103,22606144,39400,2024-11-14
SIRIUS XM HOLDINGS INC,COMMON STOCK,829933100,378042649,15984890,2024-11-14
SIRIUS XM HOLDINGS INC,COMMON STOCK,829933100,1927440897,81498558,2024-11-14
SIRIUS XM HOLDINGS INC,COMMON STOCK,829933100,31371512,1326491,2024-11-14
SIRIUS XM HOLDINGS INC,COMMON STOCK,829933100,150061379,6345090,2024-11-14
T-MOBILE US INC,COM,872590104,964113920,4672000,2024-11-14
ULTA BEAUTY INC,COM,90384S303,9417871,24203,2024-11-14
VANGUARD INDEX FDS,S&P 500 ETF SHS,922908363,22689810,43000,2024-11-14
VERISIGN INC,COM,92343E102,932728675,4910132,2024-11-14
VERISIGN INC,COM,92343E102,1501725171,7905481,2024-11-14
VISA INC,COM CL A,92826C839,2281386627,8297460,2024-11-14
AON PLC,SHS CL A,G0403H108,797160960,2304000,2024-11-14
AON PLC,SHS CL A,G0403H108,15156438,43806,2024-11-14
AON PLC,SHS CL A,G0403H108,606241602,1752194,2024-11-14
NU HLDGS LTD,ORD SHS CL A,G6683N103,1179892309,86438997,2024-11-14
LIBERTY LATIN AMERICA LTD,COM CL A,G9001E102,9633715,1005607,2024-11-14
LIBERTY LATIN AMERICA LTD,COM CL A,G9001E102,15569272,1625185,2024-11-14
LIBERTY LATIN AMERICA LTD,COM CL C,G9001E128,12185350,1284020,2024-11-14
CHUBB LIMITED,COM,H1467J104,7796272968,27033784,2024-11-14
ALLY FINL INC,COM,02005N100,458035497,12719675,2025-02-14
ALLY FINL INC,COM,02005N100,100967539,2803875,2025-02-14
ALLY FINL INC,COM,02005N100,152257482,4228200,2025-02-14
ALLY FINL INC,COM,02005N100,112963370,3137000,2025-02-14
ALLY FINL INC,COM,02005N100,174153363,4836250,2025-02-14
ALLY FINL INC,COM,02005N100,45912750,1275000,2025-02-14
AMAZON COM INC,COM,023135106,1694568360,7724000,2025-02-14
AMAZON COM INC,COM,023135106,499331640,2276000,2025-02-14
AMERICAN EXPRESS CO,COM,025816109,341291286,1149942,2025-02-14
AMERICAN EXPRESS CO,COM,025816109,44239827546,149061045,2025-02-14
AMERICAN EXPRESS CO,COM,025816109,415420821,1399713,2025-02-14
APPLE INC,COM,037833100,173290640,692000,2025-02-14
APPLE INC,COM,037833100,961612800,3840000,2025-02-14
APPLE INC,COM,037833100,8514280,34000,2025-02-14
APPLE INC,COM,037833100,8695584080,34724000,2025-02-14
APPLE INC,COM,037833100,682144080,2724000,2025-02-14
APPLE INC,COM,037833100,3889523440,15532000,2025-02-14
APPLE INC,COM,037833100,15411595055,61542988,2025-02-14
APPLE INC,COM,037833100,1804025680,7204000,2025-02-14
APPLE INC,COM,037833100,3624078240,14472000,2025-02-14
APPLE INC,COM,037833100,38250906745,152747012,2025-02-14
APPLE INC,COM,037833100,679139040,2712000,2025-02-14
APPLE INC,COM,037833100,945585920,3776000,2025-02-14
ATLANTA BRAVES HLDGS INC,COM SER C,047726302,4140382,108217,2025-02-14
ATLANTA BRAVES HLDGS INC,COM SER C,047726302,3706131,96867,2025-02-14
ATLANTA BRAVES HLDGS INC,COM SER C,047726302,571184,14929,2025-02-14
ATLANTA BRAVES HLDGS INC,COM SER C,047726302,138960,3632,2025-02-14
BANK AMER CORP,COM,060505104,172284000,3920000,2025-02-14
BANK AMER CORP,COM,060505104,523005000,11900000,2025-02-14
BANK AMER CORP,COM,060505104,6394725,145500,2025-02-14
BANK AMER CORP,COM,060505104,6153000000,140000000,2025-02-14
BANK AMER CORP,COM,060505104,246120000,5600000,2025-02-14
BANK AMER CORP,COM,060505104,92295000,2100000,2025-02-14
BANK AMER CORP,COM,060505104,922950000,21000000,2025-02-14
BANK AMER CORP,COM,060505104,13659660000,310800000,2025-02-14
BANK AMER CORP,COM,060505104,486201578,11062607,2025-02-14
BANK AMER CORP,COM,060505104,5973045846,135905480,2025-02-14
BANK AMER CORP,COM,060505104,1230600000,28000000,2025-02-14
BANK AMER CORP,COM,060505104,430710000,9800000,2025-02-14
CAPITAL ONE FINL CORP,COM,14040H105,345800462,1939213,2025-02-14
CAPITAL ONE FINL CORP,COM,14040H105,601613698,3373787,2025-02-14
CAPITAL ONE FINL CORP,COM,14040H105,381069840,2137000,2025-02-14
CHARTER COMMUNICATIONS INC N,CL A,16119P108,682715232,1991759,2025-02-14
CHEVRON CORP NEW,COM,166764100,2543969905,17564001,2025-02-14
CHEVRON CORP NEW,COM,166764100,8893176,61400,2025-02-14
CHEVRON CORP NEW,COM,166764100,303005280,2092000,2025-02-14
CHEVRON CORP NEW,COM,166764100,4709792407,32517208,2025-02-14
CHEVRON CORP NEW,COM,166764100,414010656,2858400,2025-02-14
CHEVRON CORP NEW,COM,166764100,8919178401,61579525,2025-02-14
CHEVRON CORP NEW,COM,166764100,280699920,1938000,2025-02-14
CITIGROUP INC,COM NEW,172967424,1030474546,14639502,2025-02-14
COCA COLA CO,COM,191216100,49808000,800000,2025-02-14
COCA COLA CO,COM,191216100,23127784,371471,2025-02-14
COCA COLA CO,COM,191216100,5292100,85000,2025-02-14
COCA COLA CO,COM,191216100,4998432032,80283200,2025-02-14
COCA COLA CO,COM,191216100,113562240,1824000,2025-02-14
COCA COLA CO,COM,191216100,897241312,14411200,2025-02-14
COCA COLA CO,COM,191216100,933302304,14990400,2025-02-14
COCA COLA CO,COM,191216100,17602317108,282722729,2025-02-14
COCA COLA CO,COM,191216100,221147520,3552000,2025-02-14
COCA COLA CO,COM,191216100,59769600,960000,2025-02-14
CONSTELLATION BRANDS INC,CL A,21036P108,1242975604,5624324,2025-02-14
DAVITA INC,COM,23918K108,2629401260,17582088,2025-02-14
DAVITA INC,COM,23918K108,2768691233,18513482,2025-02-14
DIAGEO P L C,SPON ADR NEW,25243Q205,28953858,227750,2025-02-14
DOMINOS PIZZA INC,COM,25754A201,999868320,2382000,2025-02-14
HEICO CORP NEW,CL A,422806208,195325757,1049687,2025-02-14
JEFFERIES FINL GROUP INC,COM,47233W109,33990947,433558,2025-02-14
KRAFT HEINZ CO,COM,500754106,10000245261,325634818,2025-02-14
KROGER CO,COM,501044101,1015523554,16607090,2025-02-14
KROGER CO,COM,501044101,46995671,768531,2025-02-14
KROGER CO,COM,501044101,328199327,5367119,2025-02-14
KROGER CO,COM,501044101,1666781449,27257260,2025-02-14
LENNAR CORP,CL B,526057302,20162390,152572,2025-02-14
LIBERTY MEDIA CORP DEL,COM LBTY LIV S C,531229722,247709951,3639582,2025-02-14
LIBERTY MEDIA CORP DEL,COM LBTY LIV S C,531229722,9743265,143157,2025-02-14
LIBERTY MEDIA CORP DEL,COM LBTY LIV S C,531229722,376347707,5529646,2025-02-14
LIBERTY MEDIA CORP DEL,COM LBTY LIV S C,531229722,11067917,162620,2025-02-14
LIBERTY MEDIA CORP DEL,COM LBTY LIV S C,531229722,98187167,1442656,2025-02-14
LIBERTY MEDIA CORP DEL,COM LBTY LIV S A,531229748,67338619,1011698,2025-02-14
LIBERTY MEDIA CORP DEL,COM LBTY LIV S A,531229748,218634624,3284775,2025-02-14
LIBERTY MEDIA CORP DEL,COM LBTY LIV S A,531229748,15531576,233347,2025-02-14
LIBERTY MEDIA CORP DEL,COM LBTY LIV S A,531229748,30402478,456768,2025-02-14
LIBERTY MEDIA CORP DEL,COM SER C FRMLA,531229854,260897110,2815639,2025-02-14
LIBERTY MEDIA CORP DEL,COM SER C FRMLA,531229854,309929168,3344800,2025-02-14
LIBERTY MEDIA CORP DEL,COM SER C FRMLA,531229854,47766323,515501,2025-02-14
LIBERTY MEDIA CORP DEL,COM SER C FRMLA,531229854,11621417,125420,2025-02-14
LOUISIANA PAC CORP,COM,546347105,136673988,1319884,2025-02-14
LOUISIANA PAC CORP,COM,546347105,449915327,4344909,2025-02-14
MASTERCARD INC,CL A,57636Q104,2099249237,3986648,2025-02-14
MOODYS CORP,COM,615369105,34129977,72100,2025-02-14
MOODYS CORP,COM,615369105,5668098297,11973928,2025-02-14
MOODYS CORP,COM,615369105,5975704538,12623750,2025-02-14
NVR INC,COM,62944T105,90883937,11112,2025-02-14
OCCIDENTAL PETE CORP,COM,674599105,13053055436,264178414,2025-02-14
POOL CORP,COM,73278L105,204117028,598689,2025-02-14
SIRIUS XM HOLDINGS INC,COMMON STOCK,829933100,364455492,15984890,2025-02-14
SIRIUS XM HOLDINGS INC,COMMON STOCK,829933100,2138915926,93812102,2025-02-14
SIRIUS XM HOLDINGS INC,COMMON STOCK,829933100,30243995,1326491,2025-02-14
SIRIUS XM HOLDINGS INC,COMMON STOCK,829933100,144668052,6345090,2025-02-14
T-MOBILE US INC,COM,872590104,960175500,4350000,2025-02-14
VERISIGN INC,COM,92343E102,1091289111,5272947,2025-02-14
VERISIGN INC,COM,92343E102,1655371630,7998510,2025-02-14
VISA INC,COM CL A,92826C839,2622329258,8297460,2025-02-14
AON PLC,SHS CL A,G0403H108,827504640,2304000,2025-02-14
AON PLC,SHS CL A,G0403H108,15733363,43806,2025-02-14
AON PLC,SHS CL A,G0403H108,629317997,1752194,2025-02-14
NU HLDGS LTD,ORD SHS CL A,G6683N103,416266540,40180168,2025-02-14
LIBERTY LATIN AMERICA LTD,COM CL A,G9001E102,6395661,1005607,2025-02-14
LIBERTY LATIN AMERICA LTD,COM CL A,G9001E102,10336177,1625185,2025-02-14
LIBERTY LATIN AMERICA LTD,COM CL C,G9001E128,8140687,1284020,2025-02-14
CHUBB LIMITED,COM,H1467J104,7469434519,27033784,2025-02-14
ALLY FINL INC,COM,02005N100,463886547,12719675,2025-05-15
ALLY FINL INC,COM,02005N100,102257321,2803875,2025-05-15
ALLY FINL INC,COM,02005N100,154202454,4228200,2025-05-15
ALLY FINL INC,COM,02005N100,114406390,3137000,2025-05-15
ALLY FINL INC,COM,02005N100,176378038,4836250,2025-05-15
ALLY FINL INC,COM,02005N100,46499250,1275000,2025-05-15
AMAZON COM INC,COM,023135106,1469568240,7724000,2025-05-15
AMAZON COM INC,COM,023135106,433031760,2276000,2025-05-15
AMERICAN EXPRESS CO,COM,025816109,309391895,1149942,2025-05-15
AMERICAN EXPRESS CO,COM,025816109,40104874157,149061045,2025-05-15
AMERICAN EXPRESS CO,COM,025816109,376592783,1399713,2025-05-15
APPLE INC,COM,037833100,153713960,692000,2025-05-15
APPLE INC,COM,037833100,852979200,3840000,2025-05-15
APPLE INC,COM,037833100,7552420,34000,2025-05-15
APPLE INC,COM,037833100,7713242120,34724000,2025-05-15
APPLE INC,COM,037833100,605082120,2724000,2025-05-15
APPLE INC,COM,037833100,3450123160,15532000,2025-05-15
APPLE INC,COM,037833100,13670543924,61542988,2025-05-15
APPLE INC,COM,037833100,1600224520,7204000,2025-05-15
APPLE INC,COM,037833100,3214665360,14472000,2025-05-15
APPLE INC,COM,037833100,33929693776,152747012,2025-05-15
APPLE INC,COM,037833100,602416560,2712000,2025-05-15
APPLE INC,COM,037833100,838762880,3776000,2025-05-15
ATLANTA BRAVES HLDGS INC,COM SER C,047726302,4329762,108217,2025-05-15
ATLANTA BRAVES HLDGS INC,COM SER C,047726302,3875649,96867,2025-05-15
ATLANTA BRAVES HLDGS INC,COM SER C,047726302,597309,14929,2025-05-15
ATLANTA BRAVES HLDGS INC,COM SER C,047726302,145316,3632,2025-05-15
BANK AMER CORP,COM,060505104,163581600,3920000,2025-05-15
BANK AMER CORP,COM,060505104,496587000,11900000,2025-05-15
BANK AMER CORP,COM,060505104,6071715,145500,2025-05-15
BANK AMER CORP,COM,060505104,5842200000,140000000,2025-05-15
BANK AMER CORP,COM,060505104,233688000,5600000,2025-05-15
BANK AMER CORP,COM,060505104,87633000,2100000,2025-05-15
BANK AMER CORP,COM,060505104,876330000,21000000,2025-05-15
BANK AMER CORP,COM,060505104,12969684000,310800000,2025-05-15
BANK AMER CORP,COM,060505104,5246295600,125720000,2025-05-15
BANK AMER CORP,COM,060505104,24538534,588031,2025-05-15
BANK AMER CORP,COM,060505104,408954000,9800000,2025-05-15
CAPITAL ONE FINL CORP,COM,14040H105,347700891,1939213,2025-05-15
CAPITAL ONE FINL CORP,COM,14040H105,551130009,3073787,2025-05-15
CAPITAL ONE FINL CORP,COM,14040H105,383164100,2137000,2025-05-15
CHARTER COMMUNICATIONS INC N,CL A,16119P108,731258969,1984259,2025-05-15
CHEVRON CORP NEW,COM,166764100,2938281727,17564001,2025-05-15
CHEVRON CORP NEW,COM,166764100,10271606,61400,2025-05-15
CHEVRON CORP NEW,COM,166764100,349970680,2092000,2025-05-15
CHEVRON CORP NEW,COM,166764100,5439803726,32517208,2025-05-15
CHEVRON CORP NEW,COM,166764100,478181736,2858400,2025-05-15
CHEVRON CORP NEW,COM,166764100,10301638737,61579525,2025-05-15
CHEVRON CORP NEW,COM,166764100,324208020,1938000,2025-05-15
COCA COLA CO,COM,191216100,57296000,800000,2025-05-15
COCA COLA CO,COM,191216100,26604753,371471,2025-05-15
COCA COLA CO,COM,191216100,6087700,85000,2025-05-15
COCA COLA CO,COM,191216100,5749882784,80283200,2025-05-15
COCA COLA CO,COM,191216100,130634880,1824000,2025-05-15
COCA COLA CO,COM,191216100,1032130144,14411200,2025-05-15
COCA COLA CO,COM,191216100,1073612448,14990400,2025-05-15
COCA COLA CO,COM,191216100,20248601851,282722729,2025-05-15
COCA COLA CO,COM,191216100,254394240,3552000,2025-05-15
COCA COLA CO,COM,191216100,68755200,960000,2025-05-15
CONSTELLATION BRANDS INC,CL A,21036P108,73408000,400000,2025-05-15
CONSTELLATION BRANDS INC,CL A,21036P108,2130483680,11609000,2025-05-15
DAVITA INC,COM,23918K108,2574804501,16832088,2025-05-15
DAVITA INC,COM,23918K108,2800940511,18310391,2025-05-15
DIAGEO P L C,SPON ADR NEW,25243Q205,23865923,227750,2025-05-15
DOMINOS PIZZA INC,COM,25754A201,1204040643,2620613,2025-05-15
HEICO CORP NEW,CL A,422806208,245165705,1162088,2025-05-15
JEFFERIES FINL GROUP INC,COM,47233W109,23225702,433558,2025-05-15
KRAFT HEINZ CO,COM,500754106,9909067512,325634818,2025-05-15
KROGER CO,COM,501044101,1124133922,16607090,2025-05-15
KROGER CO,COM,501044101,52021863,768531,2025-05-15
KROGER CO,COM,501044101,363300285,5367119,2025-05-15
KROGER CO,COM,501044101,1845043929,27257260,2025-05-15
LENNAR CORP,CL B,526057302,16641028,152572,2025-05-15
LIBERTY MEDIA CORP DEL,COM LBTY LIV S C,531229722,248001117,3639582,2025-05-15
LIBERTY MEDIA CORP DEL,COM LBTY LIV S C,531229722,9754718,143157,2025-05-15
LIBERTY MEDIA CORP DEL,COM LBTY LIV S C,531229722,376790078,5529646,2025-05-15
LIBERTY MEDIA CORP DEL,COM LBTY LIV S C,531229722,11080927,162620,2025-05-15
LIBERTY MEDIA CORP DEL,COM LBTY LIV S C,531229722,98302580,1442656,2025-05-15
LIBERTY MEDIA CORP DEL,COM LBTY LIV S A,531229748,68026574,1011698,2025-05-15
LIBERTY MEDIA CORP DEL,COM LBTY LIV S A,531229748,220868271,3284775,2025-05-15
LIBERTY MEDIA CORP DEL,COM LBTY LIV S A,531229748,15690252,233347,2025-05-15
LIBERTY MEDIA CORP DEL,COM LBTY LIV S A,531229748,30713080,456768,2025-05-15
LIBERTY MEDIA CORP DEL,COM SER C FRMLA,531229854,301065448,3344800,2025-05-15
LIBERTY MEDIA CORP DEL,COM SER C FRMLA,531229854,3760618,41780,2025-05-15
LIBERTY MEDIA CORP DEL,COM SER C FRMLA,531229854,11289054,125420,2025-05-15
LOUISIANA PAC CORP,COM,546347105,121402930,1319884,2025-05-15
LOUISIANA PAC CORP,COM,546347105,399644730,4344909,2025-05-15
MASTERCARD INC,CL A,57636Q104,2185161502,3986648,2025-05-15
MOODYS CORP,COM,615369105,33576249,72100,2025-05-15
MOODYS CORP,COM,615369105,5576138530,11973928,2025-05-15
MOODYS CORP,COM,615369105,5878754138,12623750,2025-05-15
NVR INC,COM,62944T105,80499662,11112,2025-05-15
OCCIDENTAL PETE CORP,COM,674599105,13077509034,264941431,2025-05-15
POOL CORP,COM,73278L105,124156500,390000,2025-05-15
POOL CORP,COM,73278L105,341907900,1074000,2025-05-15
SIRIUS XM HOLDINGS INC,COMMON STOCK,829933100,360379345,15984890,2025-05-15
SIRIUS XM HOLDINGS INC,COMMON STOCK,829933100,2167030382,96120221,2025-05-15
SIRIUS XM HOLDINGS INC,COMMON STOCK,829933100,29905740,1326491,2025-05-15
SIRIUS XM HOLDINGS INC,COMMON STOCK,829933100,143050054,6345090,2025-05-15
T-MOBILE US INC,COM,872590104,1035673603,3883145,2025-05-15
VERISIGN INC,COM,92343E102,1338643055,5272947,2025-05-15
VERISIGN INC,COM,92343E102,2035258781,8016933,2025-05-15
VISA INC,COM CL A,92826C839,2907927832,8297460,2025-05-15
AON PLC,SHS CL A,G0403H108,919503360,2304000,2025-05-15
AON PLC,SHS CL A,G0403H108,17482537,43806,2025-05-15
AON PLC,SHS CL A,G0403H108,699283103,1752194,2025-05-15
LIBERTY LATIN AMERICA LTD,COM CL A,G9001E102,6365492,1005607,2025-05-15
LIBERTY LATIN AMERICA LTD,COM CL A,G9001E102,10287421,1625185,2025-05-15
LIBERTY LATIN AMERICA LTD,COM CL C,G9001E128,7973764,1284020,2025-05-15
CHUBB LIMITED,COM,H1467J104,8163932430,27033784,2025-05-15
